loan_id,amount_loan,duration,payments,status,gender_clt,age_at_loan,frequency,age_acc,region,ratio of urban inhabitants,average salary,ratio enterpreneurs,criminality_growth,unemploymant_growth,type_trans_count_w,type_trans_count_c,type_trans_mean_w,amount_trans_mean,amount_trans_min,amount_trans_max,amount_trans_std,amount_trans_last,amount_trans_abs_min,balance_mean,balance_min,balance_max,balance_std,balance_last,balance_abs_min,balance_negative,months_until_bankrupt
4959,80952,24,3373,Yes,M,48,monthly,28,Prague,1.0,12541,0.167,0.01114566294286997,0.14,32,22,0.5925925925925926,515.5685185185185,-22400.0,30354.0,11895.998464916345,138.3,13.5,32590.62407407406,1100.0,67529.6,12061.705681876094,27855.2,1100.0,0,8
4961,30276,12,2523,No,F,57,monthly,26,south Bohemia,0.67,9104,0.123,0.000532187678403824,0.5599999999999998,34,46,0.425,198.18000000000006,-18200.0,22708.0,9205.689080326661,15139.0,14.6,25197.09249999999,715.0,58157.5,15039.248404932323,15854.0,715.0,0,6
4973,165960,24,6915,Yes,F,51,monthly,27,south Bohemia,0.569,8427,0.107,0.00041519839030777913,0.41999999999999993,88,37,0.704,189.51520000000042,-41400.0,62235.0,20882.029392885444,114.1,14.6,52523.24480000004,700.0,107069.6,20955.646998372446,23703.8,700.0,0,3
4996,88440,12,7370,Yes,F,51,after-transaction,25,north Bohemia,0.853,9317,0.097,-0.0006010084453394527,0.5800000000000001,15,16,0.4838709677419355,2545.4129032258065,-35100.0,47976.0,21020.897593232345,282.6,100.0,62778.09032258065,200.0,103239.0,21638.258869671175,79007.6,200.0,0,10
5002,104808,12,8734,Yes,M,54,monthly,28,south Moravia,0.483,8512,0.102,-0.0011443829868395957,0.6100000000000003,18,12,0.6,933.8466666666665,-16400.0,25970.0,10052.730130005115,-3900.0,14.6,38709.829999999994,500.0,57865.3,11517.175248212317,28015.4,500.0,0,3
5032,123696,48,2577,Yes,M,54,monthly,28,south Moravia,0.46,8772,0.126,0.002439709481963003,0.29000000000000004,39,22,0.639344262295082,412.90491803278724,-32100.0,48476.0,15349.418522400405,-14.6,14.6,49084.381967213114,300.0,89822.2,20572.457529737083,25187.2,300.0,0,9
5044,100980,60,1683,Yes,M,29,monthly,28,south Moravia,1.0,9897,0.14,-6.450447661067678e-05,0.3599999999999999,43,27,0.6142857142857143,673.3971428571427,-22900.0,20922.0,8168.072604859274,-4739.0,14.6,35614.74428571429,600.0,53376.7,9576.327716908689,48637.7,600.0,0,28
5045,187224,24,7801,No,M,47,monthly,27,Prague,1.0,12541,0.167,0.01114566294286997,0.14,50,38,0.5681818181818182,577.6386363636365,-51900.0,46293.0,17258.630286253032,-14.6,0.2,42084.311363636334,-243.3,92571.3,22038.48158908669,50832.1,200.0,1,6
5060,252060,60,4201,No,F,28,monthly,28,south Moravia,0.519,8441,0.115,0.0033712028777238504,1.0300000000000002,35,26,0.5737704918032787,1149.122950819672,-41700.0,49937.0,16589.841841132715,-13990.0,8.2,57340.50819672131,900.0,106259.6,21418.913855883657,70096.5,900.0,0,16
5082,262980,60,4383,Yes,F,30,monthly,26,central Bohemia,0.413,8598,0.123,0.005155690732738636,0.48999999999999977,32,24,0.5714285714285714,1358.5964285714285,-22300.0,44022.0,13169.319978136018,43444.0,14.6,41729.616071428565,900.0,78574.3,16330.173222315432,76081.3,900.0,0,17
5088,91152,24,3798,Yes,M,53,monthly,26,north Bohemia,0.81,9272,0.118,0.0015705610234346742,0.4200000000000004,46,31,0.5974025974025974,511.4116883116883,-26700.0,34184.0,14032.198318519318,-3800.0,14.6,44829.54415584412,400.0,72327.7,13400.064096640634,39378.8,400.0,0,10
5125,73056,48,1522,Yes,M,24,monthly,26,north Bohemia,0.899,10446,0.09,-0.0017014888027023646,2.0600000000000005,28,23,0.5490196078431373,422.4647058823531,-7100.0,8538.0,3462.2725634371154,5692.0,14.6,23255.149019607838,500.0,33555.4,6550.595429955129,21545.7,500.0,0,14
5126,208128,48,4336,No,M,42,monthly,28,south Moravia,1.0,9897,0.14,-6.450447661067678e-05,0.3599999999999999,35,29,0.546875,1273.0406249999999,-36500.0,47493.0,15857.719330202128,38929.0,14.6,36369.97499999999,-1069.7,96064.0,22812.186440376034,81474.6,300.0,1,18
5128,215616,48,4492,No,M,39,monthly,26,north Moravia,0.484,8173,0.124,-0.03675766563134911,4.185,31,30,0.5081967213114754,141.6508196721314,-18700.0,23130.0,8348.462244442044,-3400.0,6.8,21447.624590163923,-3424.6,50124.8,13056.987306542755,8640.6,200.0,1,1
5130,24312,12,2026,Yes,F,38,monthly,28,south Bohemia,0.569,8427,0.107,0.00041519839030777913,0.41999999999999993,41,37,0.5256410256410257,364.894871794872,-24322.0,18231.0,7820.337301472649,-6600.0,14.6,29380.83974358974,1100.0,48277.9,7695.862800862465,28461.9,1100.0,0,14
5131,48624,24,2026,Yes,M,33,monthly,28,north Bohemia,0.853,9317,0.097,-0.0006010084453394527,0.5800000000000001,68,49,0.5811965811965812,410.20341880341886,-52900.0,41561.0,18414.312454830513,-4514.0,14.6,63857.2367521368,200.0,134187.4,25825.858181660515,47993.6,200.0,0,23
5132,538500,60,8975,Yes,M,34,monthly,27,central Bohemia,0.514,9307,0.118,0.004434404283801874,0.5799999999999996,36,22,0.6206896551724138,401.224137931035,-23800.0,32082.0,12446.443589887402,-4605.0,14.6,33687.85862068966,200.0,69775.9,13408.02036465337,23271.0,200.0,0,2
5136,187104,24,7796,Yes,F,19,monthly,25,north Moravia,0.626,8994,0.11,-0.0020519896339144354,0.9900000000000002,9,16,0.36,3475.112,-49500.0,43502.0,26189.536798171266,43502.0,2.5,66292.37199999999,300.0,137193.5,34581.40134837078,133377.7,300.0,0,17
5138,87216,48,1817,Yes,F,41,monthly,28,Prague,1.0,12541,0.167,0.01114566294286997,0.14,107,41,0.722972972972973,181.0493243243245,-9900.0,15608.0,4828.212336527692,-2400.0,14.6,30847.149324324353,700.0,43787.3,6554.760512834303,29638.3,700.0,0,16
5145,309552,48,6449,Yes,M,60,monthly,26,north Moravia,0.626,8994,0.11,-0.0020519896339144354,0.9900000000000002,19,16,0.5428571428571428,1479.9857142857147,-50600.0,58041.0,24657.712996189184,-16300.0,14.6,56105.49999999996,700.0,121713.2,21979.384405419012,51799.4,700.0,0,8
5148,284280,60,4738,Yes,F,37,monthly,27,north Bohemia,0.623,9065,0.123,0.00016665789519849832,0.9299999999999997,58,36,0.6170212765957447,1006.5680851063828,-56800.0,56756.0,22383.063761266145,-4600.0,14.6,64182.6414893617,300.0,109361.9,20167.802429516258,94617.3,300.0,0,19
5151,189060,60,3151,Yes,F,36,after-transaction,27,central Bohemia,0.674,9753,0.109,0.004323083799777174,0.41000000000000014,16,14,0.5333333333333333,2298.183333333333,-40300.0,60016.0,25706.572244561994,-3400.0,100.0,72242.8966666667,200.0,101793.6,24683.06321415813,68945.6,200.0,0,21
5160,204000,60,3400,Yes,M,51,monthly,26,east Bohemia,0.535,8390,0.132,0.0005390351271224508,0.6100000000000003,40,25,0.6153846153846154,584.5046153846159,-16100.0,30604.0,11314.380759892345,-4500.0,14.6,37809.39846153843,400.0,68172.8,12656.782825432134,45077.7,400.0,0,13
5161,98184,24,4091,Yes,F,49,monthly,27,south Moravia,0.43700000000000006,8403,0.105,0.0049124343257443085,-0.020000000000000462,3,11,0.21428571428571427,4925.442857142857,-18200.0,24545.0,13942.285612575772,24545.0,74.1,41660.392857142855,500.0,68956.1,19672.650902026955,68956.1,500.0,0,16
5170,253200,60,4220,Yes,F,43,weekly,28,east Bohemia,0.619,8363,0.108,0.0016905015394354445,0.9700000000000002,20,21,0.4878048780487805,1979.285365853658,-42600.0,46304.0,18722.099418689144,12950.0,30.0,47302.546341463436,800.0,104417.9,26552.739504598183,81150.6,800.0,0,19
5176,192552,24,8023,No,F,30,weekly,28,south Bohemia,0.584,8547,0.12,-0.00029725674489709255,0.9900000000000002,25,26,0.49019607843137253,435.7921568627451,-18000.0,23844.0,8933.309713915512,-30.0,10.2,23979.01176470588,800.0,49563.0,13015.026674865436,22225.5,800.0,0,2
5189,149040,48,3105,Yes,F,25,monthly,28,central Bohemia,0.365,9622,0.154,0.0007139363010166982,0.13999999999999996,34,20,0.6296296296296297,352.4740740740742,-15900.0,27946.0,10176.811224139317,126.7,14.6,36845.58888888889,200.0,62441.6,12658.246764300018,19048.1,200.0,0,6
5208,99696,48,2077,No,F,23,monthly,28,south Moravia,0.43700000000000006,8403,0.105,0.0049124343257443085,-0.020000000000000462,63,45,0.5833333333333334,305.2500000000001,-55900.0,49327.0,18451.812213648747,-2000.0,0.4,46341.29351851856,-974.6,127684.9,28762.206936050658,32966.8,68.5,1,15
5209,182640,48,3805,Yes,F,54,monthly,25,south Moravia,0.40700000000000003,8544,0.109,0.0012835648783702158,0.5700000000000001,23,17,0.575,597.4600000000003,-23900.0,34246.0,13537.6138604166,900.0,11.5,37802.23000000001,600.0,64411.8,14199.381522847558,23898.3,600.0,0,6
5212,71064,36,1974,Yes,F,48,monthly,27,north Bohemia,0.598,8965,0.104,0.001968503937007874,1.1500000000000004,57,29,0.6627906976744186,365.08023255813964,-13600.0,22908.0,7683.024506776111,-3000.0,14.6,34577.30232558138,700.0,55373.3,9923.171541124484,31397.0,700.0,0,15
5237,45336,24,1889,Yes,M,38,monthly,27,south Bohemia,0.527,8402,0.12,0.0019444660496227735,0.8500000000000001,57,33,0.6333333333333333,442.66333333333347,-19900.0,30436.0,11383.029268904229,-11900.0,14.6,48152.953333333375,800.0,71486.0,11574.102240004077,40939.5,800.0,0,21
5269,164052,36,4557,No,F,19,after-transaction,28,west Bohemia,0.5920000000000001,8930,0.108,0.0024165416171340595,0.6800000000000002,37,28,0.5692307692307692,320.17384615384594,-41400.0,48181.0,18364.06408593354,10800.0,0.4,41752.16153846152,-2564.7,112045.6,30609.38988808058,20811.2,566.6,1,4
5282,388512,48,8094,No,F,27,after-transaction,27,north Moravia,0.484,8173,0.124,-0.03675766563134911,4.185,66,54,0.55,322.47666666666674,-44700.0,40855.0,11945.175136843793,-35300.0,2.4,21371.32,-2838.8,84743.5,21196.682131732654,38697.3,210.0,1,4
5285,78936,12,6578,Yes,F,37,monthly,28,west Bohemia,0.5920000000000001,8930,0.108,0.0024165416171340595,0.6800000000000002,27,24,0.5294117647058824,482.37254901960796,-6300.0,11416.0,4574.925270649935,-1187.0,14.6,25900.319607843132,900.0,40560.3,7684.869705311071,24601.0,900.0,0,3
5301,141948,36,3943,Yes,F,45,monthly,25,north Moravia,0.5720000000000001,9893,0.096,0.00115360413899182,0.6299999999999999,3,7,0.3,4723.98,-16200.0,28840.0,13474.868539766909,176.6,49.6,32592.68,800.0,63263.1,17970.97897715462,47239.7,800.0,0,11
5310,248148,36,6893,Yes,F,54,monthly,27,west Bohemia,0.369,8594,0.112,-0.0007581919190526737,0.3899999999999997,83,37,0.6916666666666667,342.5716666666668,-28960.0,28362.0,9010.165891189434,-6100.0,14.6,36063.78833333336,600.0,67486.0,10761.578895609015,41108.6,600.0,0,5
5311,30060,60,501,Yes,M,44,monthly,27,west Bohemia,0.369,8594,0.112,-0.0007581919190526737,0.3899999999999997,141,45,0.7580645161290323,260.87956989247317,-20000.0,29412.0,8808.490245599618,29412.0,14.6,37213.407526881754,500.0,69382.9,11270.503745870139,48523.3,500.0,0,96
5312,202788,36,5633,Yes,F,42,weekly,26,west Bohemia,0.5920000000000001,8930,0.108,0.0024165416171340595,0.6800000000000002,53,26,0.6708860759493671,1033.2113924050632,-45200.0,72298.0,24885.420719183476,-11994.0,30.0,57124.26835443034,1100.0,139880.9,23297.66357464454,81623.6,1100.0,0,14
5314,96396,12,8033,No,F,45,weekly,28,west Bohemia,0.818,9650,0.1,-0.0019090410496561618,0.29000000000000004,0,4,0.0,5025.0,1100.0,9900.0,3774.8068383251966,3300.0,1100.0,12250.0,1100.0,20100.0,8330.8663014919,20100.0,1100.0,0,2
5316,165960,36,4610,Yes,M,24,monthly,28,east Bohemia,0.735,8369,0.117,-0.0020938877995546053,0.52,20,17,0.5405405405405406,1411.051351351351,-54300.0,36574.0,17882.99905901663,-3419.0,2.9,52083.85945945945,700.0,120512.8,29122.05945394563,52208.9,700.0,0,11
5319,239460,60,3991,Yes,F,51,monthly,28,north Moravia,0.5720000000000001,9893,0.096,0.00115360413899182,0.6299999999999999,28,18,0.6086956521739131,787.8369565217396,-23200.0,35918.0,14366.69601417511,-7400.0,14.6,40061.58043478263,300.0,74408.8,16062.53213841481,36240.6,300.0,0,9
5325,105804,36,2939,Yes,F,53,monthly,28,south Bohemia,0.748,10045,0.135,-0.0017390227705052733,0.29000000000000004,12,13,0.48,1371.7040000000006,-15600.0,26448.0,11376.124631125487,-14.6,14.6,41297.479999999996,1000.0,65898.5,14151.260443037105,34292.7,1000.0,0,11
5329,396120,60,6602,Yes,F,46,weekly,26,south Bohemia,0.527,8402,0.12,0.0019444660496227735,0.8500000000000001,59,36,0.6210526315789474,932.74,-37300.0,59415.0,23071.99069204264,39610.0,30.0,58855.27789473691,500.0,104859.1,20275.14198096615,88610.1,500.0,0,13
5337,162468,36,4513,Yes,F,38,monthly,25,north Bohemia,0.81,9272,0.118,0.0015705610234346742,0.4200000000000004,5,10,0.3333333333333333,4975.92,-34500.0,40614.0,20976.229950323705,-1800.0,70.9,51279.553333333344,700.0,83862.8,24180.888923925817,74638.8,700.0,0,16
5350,249312,48,5194,Yes,M,40,weekly,26,west Bohemia,1.0,10787,0.131,0.0012907086577216645,0.44999999999999973,30,30,0.5,923.7783333333335,-32100.0,47112.0,15757.60533495602,-5300.0,30.0,35914.85499999999,900.0,88597.4,23021.04106123776,55426.5,900.0,0,10
5351,205200,36,5700,Yes,F,31,weekly,28,Prague,1.0,12541,0.167,0.01114566294286997,0.14,93,36,0.7209302325581395,423.148062015504,-31200.0,51303.0,15181.225295158476,-12400.0,30.0,58336.31162790698,900.0,93928.5,17204.070909560676,54586.0,900.0,0,9
5352,68400,12,5700,No,F,18,monthly,27,north Moravia,0.5720000000000001,9893,0.096,0.00115360413899182,0.6299999999999999,5,9,0.35714285714285715,1710.4428571428573,-15800.0,31037.0,11837.386810032427,147.7,66.2,31793.735714285714,800.0,51242.2,12297.15509867766,23946.1,800.0,0,4
5366,86184,12,7182,Yes,F,55,monthly,25,north Moravia,0.899,10177,0.081,0.0008059231850084271,1.12,26,16,0.6190476190476191,944.3095238095239,-50500.0,64642.0,24820.578617052288,-18346.0,14.6,60273.67857142853,300.0,128146.0,25642.077157191914,39660.8,300.0,0,5
5375,101520,12,8460,Yes,F,19,monthly,25,Prague,1.0,12541,0.167,0.01114566294286997,0.14,20,18,0.5263157894736842,440.0210526315792,-10000.0,18513.0,7559.930255260935,-14.6,14.6,26449.092105263157,400.0,43218.7,10352.391968575044,16720.8,400.0,0,1
5385,71460,36,1985,Yes,F,16,monthly,25,Prague,1.0,12541,0.167,0.01114566294286997,0.14,15,16,0.4838709677419355,1601.5774193548389,-26600.0,33669.0,14548.728832117022,-14.6,14.6,49220.9806451613,700.0,76403.1,16380.59460647302,49648.9,700.0,0,25
5388,61560,12,5130,Yes,M,53,weekly,25,west Bohemia,0.5920000000000001,8930,0.108,0.0024165416171340595,0.6800000000000002,49,22,0.6901408450704225,282.41126760563367,-30200.0,46166.0,15201.640624067517,-10303.0,30.0,32967.71267605635,200.0,73559.9,17762.224670277326,20051.1,200.0,0,3
5390,170256,24,7094,Yes,F,29,monthly,28,south Bohemia,0.569,8427,0.107,0.00041519839030777913,0.41999999999999993,46,31,0.5974025974025974,562.3753246753247,-29300.0,36552.0,13573.222844990716,-3720.0,14.6,40091.18311688309,200.0,79869.8,13589.38398884065,43302.8,200.0,0,6
5395,299088,36,8308,No,F,27,monthly,28,north Moravia,0.631,8110,0.109,-0.0015558111905255812,0.7800000000000002,80,46,0.6349206349206349,154.35476190476177,-59400.0,47189.0,19417.910063887335,14198.0,14.6,51992.854761904746,500.0,193909.9,33855.698025767204,19448.5,500.0,0,2
5409,182040,60,3034,Yes,F,44,monthly,27,south Bohemia,0.527,8402,0.12,0.0019444660496227735,0.8500000000000001,35,24,0.5932203389830508,656.7389830508471,-53500.0,61557.0,26231.609295302205,-3000.0,14.6,67475.90169491527,600.0,110447.5,21927.679528674224,38747.5,600.0,0,12
5413,92976,24,3874,Yes,F,25,weekly,27,west Bohemia,0.5920000000000001,8930,0.108,0.0024165416171340595,0.6800000000000002,59,50,0.5412844036697247,197.54036697247682,-45500.0,48996.0,17278.426735303314,-13386.0,30.0,50436.466055045865,300.0,122342.1,26490.316135252076,21531.8,300.0,0,5
5414,185952,48,3874,Yes,M,50,monthly,27,north Bohemia,0.877,9675,0.1,-0.0010619949535277395,1.25,14,20,0.4117647058823529,2423.091176470588,-57400.0,46725.0,20039.547224416445,35092.0,68.7,50113.19411764706,700.0,145318.2,31588.379961912357,82385.2,700.0,0,21
5415,139464,36,3874,No,M,38,monthly,26,north Moravia,0.564,8746,0.09,0.0004285078587242552,0.41000000000000014,12,19,0.3870967741935484,1343.974193548387,-23400.0,36854.0,14163.238445849118,-23400.0,20.2,31532.748387096784,300.0,65062.8,12989.781215090346,41662.8,300.0,0,10
5418,347952,48,7249,Yes,F,30,monthly,28,west Bohemia,0.556,8843,0.113,0.0015312595703723148,0.7800000000000002,70,50,0.5833333333333334,479.5549999999998,-54600.0,49271.0,19447.141625048156,-5800.0,14.6,54157.19416666667,300.0,123013.2,23422.026500661654,57546.3,300.0,0,7
5429,20196,36,561,Yes,M,25,monthly,26,Prague,1.0,12541,0.167,0.01114566294286997,0.14,62,34,0.6458333333333334,684.2145833333334,-24500.0,35469.0,13424.179678797036,-5742.0,14.6,52636.598958333314,200.0,77158.8,15288.688964738765,65684.6,200.0,0,117
5445,46320,24,1930,Yes,M,17,monthly,26,north Bohemia,0.847,8705,0.116,0.001562301441951905,1.8600000000000003,130,48,0.7303370786516854,132.3196629213484,-61600.0,49053.0,15515.980277787308,-11352.0,14.6,43657.81348314611,900.0,119892.5,20752.088935048898,26652.7,900.0,0,13
5449,99336,24,4139,Yes,F,15,monthly,26,north Moravia,0.5720000000000001,9893,0.096,0.00115360413899182,0.6299999999999999,28,24,0.5384615384615384,592.773076923077,-11900.0,16866.0,6291.603155221278,130.2,14.6,27019.571153846144,300.0,46568.0,7892.721828749214,30838.7,300.0,0,7
5450,199680,60,3328,Yes,M,45,monthly,28,east Bohemia,0.619,8363,0.108,0.0016905015394354445,0.9700000000000002,46,28,0.6216216216216216,269.245945945946,-22637.0,29954.0,11145.596511039737,137.0,14.6,33658.61756756758,500.0,62238.8,11909.168772706618,19938.6,500.0,0,5
5452,49440,60,824,Yes,F,29,monthly,26,north Moravia,0.899,10177,0.081,0.0008059231850084271,1.12,79,31,0.7181818181818181,409.2881818181817,-20000.0,30378.0,9690.502464384619,-8000.0,4.0,47798.86545454537,300.0,74419.8,12804.463916870107,45021.6,300.0,0,54
5453,156672,36,4352,Yes,F,38,monthly,27,west Bohemia,0.369,8594,0.112,-0.0007581919190526737,0.3899999999999997,38,37,0.5066666666666667,310.28666666666686,-9000.0,10380.0,4448.2020854872735,80.2,11.2,22927.502666666693,500.0,41876.9,6686.145590252044,23286.1,500.0,0,5
5464,95808,12,7984,Yes,M,54,monthly,28,east Bohemia,0.763,9425,0.125,-0.0011986110939488676,0.78,50,40,0.5555555555555556,805.5611111111111,-57700.0,49008.0,22066.45907735857,26373.0,14.6,59701.78666666667,900.0,122452.2,24705.82136034003,72500.4,900.0,0,9
5470,200976,48,4187,Yes,M,41,monthly,26,south Moravia,0.43700000000000006,8403,0.105,0.0049124343257443085,-0.020000000000000462,18,17,0.5142857142857142,1355.1857142857143,-26600.0,37686.0,15562.094747213838,25124.0,14.6,47938.06571428571,600.0,83553.5,18916.939576271827,47431.4,600.0,0,11
5479,24516,12,2043,Yes,M,35,monthly,28,Prague,1.0,12541,0.167,0.01114566294286997,0.14,42,31,0.5753424657534246,1077.4821917808217,-59200.0,49536.0,24002.833071439152,290.4,12.5,55582.22602739725,200.0,125254.2,29534.218113303323,78670.8,200.0,0,38
5482,165120,60,2752,Yes,F,45,monthly,27,east Bohemia,0.705,8541,0.131,0.0028126973193272485,0.4600000000000004,66,50,0.5689655172413793,196.08103448275895,-6300.0,11210.0,4432.9949332136675,-1080.0,14.6,24377.371551724114,1100.0,37946.3,6878.836566414742,22745.4,1100.0,0,8
5494,360000,48,7500,Yes,F,23,after-transaction,27,south Moravia,0.747,9624,0.145,-0.0011111167484360652,0.71,79,57,0.5808823529411765,476.2169117647058,-59500.0,73228.0,24743.35957066148,-34500.0,0.3,51149.65514705883,600.0,126072.0,26193.21138092937,64765.2,600.0,0,8
5495,89340,60,1489,Yes,F,24,monthly,26,south Moravia,0.519,8441,0.115,0.0033712028777238504,1.0300000000000002,24,20,0.5454545454545454,943.6954545454548,-8200.0,17313.0,6747.272780011627,-14.6,14.6,39644.76363636365,500.0,54020.1,10748.387757632041,41522.6,500.0,0,27
5519,91632,12,7636,Yes,F,31,monthly,28,east Bohemia,0.619,8363,0.108,0.0016905015394354445,0.9700000000000002,43,27,0.6142857142857143,472.31142857142873,-18300.0,26378.0,9484.374323408698,-6100.0,14.6,40976.942857142836,700.0,64577.8,10641.422753595749,33061.9,700.0,0,4
5523,93888,36,2608,Yes,F,43,after-transaction,28,south Moravia,0.505,8288,0.11,-0.0011790135586559245,0.7299999999999995,7,12,0.3684210526315789,1827.1789473684212,-15500.0,15649.0,9929.780911121125,-12000.0,48.0,37510.49473684211,600.0,52378.2,14598.865783434976,34716.3,600.0,0,13
5533,111384,24,4641,Yes,M,27,monthly,28,central Bohemia,0.365,9622,0.154,0.0007139363010166982,0.13999999999999996,97,55,0.6381578947368421,344.2026315789472,-61700.0,49388.0,20818.629661712035,31759.0,14.6,65097.22434210526,500.0,141386.0,26285.863067554485,52318.9,500.0,0,11
5549,50460,60,841,Yes,F,46,monthly,28,central Bohemia,0.365,9622,0.154,0.0007139363010166982,0.13999999999999996,24,19,0.5581395348837209,965.8372093023257,-15000.0,22927.5,9363.894257275637,-600.0,14.6,37570.627906976755,800.0,51971.4,10371.123781863109,41531.0,800.0,0,49
5563,380160,60,6336,Yes,M,46,monthly,27,north Moravia,1.0,10673,0.1,-0.0013431315033809862,0.6900000000000004,62,47,0.5688073394495413,225.22660550458687,-62500.0,48887.0,23113.020728863998,-6100.0,14.6,64777.07522935782,1100.0,147375.1,27227.866078850297,24549.6,1100.0,0,3
5568,272520,60,4542,Yes,M,54,monthly,28,central Bohemia,0.467,10124,0.141,0.005494982841753182,-0.020000000000000018,50,34,0.5952380952380952,357.26428571428596,-56700.0,42400.0,16988.15057378243,1300.0,13.3,44602.641666666634,1100.0,121891.4,24196.754530887032,30009.9,1100.0,0,6
5576,31248,12,2604,Yes,F,55,monthly,28,Prague,1.0,12541,0.167,0.01114566294286997,0.14,69,51,0.575,449.35499999999973,-64100.0,47033.0,20724.01817110469,6268.0,14.6,64493.09916666662,1000.0,144715.3,28994.626431825105,53922.3,1000.0,0,20
5586,48744,36,1354,Yes,F,32,monthly,25,north Moravia,0.535,8909,0.113,0.0008751556767309569,1.5499999999999998,3,11,0.21428571428571427,4492.235714285714,-18600.0,28603.5,14694.440290364513,19069.0,53.7,42930.20714285715,900.0,62891.3,19512.790972253762,62891.3,900.0,0,46
5591,155616,48,3242,Yes,F,37,monthly,25,central Bohemia,0.467,10124,0.141,0.005494982841753182,-0.020000000000000018,14,16,0.4666666666666667,814.9,-21800.0,29176.0,13037.779913720768,-7500.0,14.6,39426.06999999999,300.0,62153.6,13711.094458293303,24447.1,300.0,0,7
5593,277884,36,7719,No,F,15,monthly,27,east Bohemia,0.53,8254,0.097,0.0015055962729390376,0.9699999999999998,71,46,0.6068376068376068,99.26495726495719,-53200.0,47031.0,16757.672993480737,8000.0,14.6,46487.00256410256,1000.0,129394.2,28041.875079726327,11614.0,1000.0,0,1
5595,82896,12,6908,Yes,M,22,monthly,28,east Bohemia,0.608,8208,0.155,0.006117460527185043,0.3699999999999999,92,34,0.7301587301587301,381.6349206349208,-38600.0,62168.0,18620.095964755146,299.9,14.6,57141.73095238091,900.0,107680.9,24685.92139144404,64300.6,900.0,0,9
5599,15420,12,1285,Yes,F,29,monthly,28,Prague,1.0,12541,0.167,0.01114566294286997,0.14,98,53,0.6490066225165563,211.0423841059603,-11840.0,13881.0,4745.065686801214,-800.0,14.6,24577.200000000033,1000.0,41137.4,7049.350987979909,31867.2,1000.0,0,24
5606,253512,36,7042,No,F,51,weekly,25,south Moravia,0.621,8444,0.106,-0.0026637029144583957,0.22999999999999998,15,14,0.5172413793103449,459.2586206896557,-30200.0,40419.0,16876.95217746289,8900.0,13.4,37095.84482758619,300.0,111044.2,24704.38501837544,13318.4,300.0,0,1
5610,123216,48,2567,Yes,F,18,monthly,27,north Bohemia,0.598,8965,0.104,0.001968503937007874,1.1500000000000004,80,48,0.625,606.1007812499998,-59200.0,48959.0,19763.543127582816,-3400.0,14.6,70622.83359375004,700.0,138433.7,28089.524636349874,77580.8,700.0,0,30
5611,321180,60,5353,Yes,M,60,monthly,25,south Bohemia,0.748,10045,0.135,-0.0017390227705052733,0.29000000000000004,21,17,0.5526315789473685,978.5131578947369,-34000.0,48180.0,19459.252277018073,-14723.0,14.6,40524.463157894745,700.0,90257.3,21716.75025029622,37183.5,700.0,0,6
5624,177744,48,3703,No,M,22,monthly,28,south Moravia,0.621,8444,0.106,-0.0026637029144583957,0.22999999999999998,59,36,0.6210526315789474,149.79578947368432,-26000.0,45056.0,10974.649715933025,11400.0,3.3,26746.5252631579,-2485.5,89733.5,21147.08070284783,14230.7,385.5,1,3
5625,222180,60,3703,No,M,57,monthly,26,west Bohemia,0.556,8843,0.113,0.0015312595703723148,0.7800000000000002,31,28,0.5254237288135594,1009.8135593220334,-52600.0,44352.0,18212.754146736515,-6900.0,14.6,55230.44406779658,800.0,130659.1,26510.559286203963,59578.8,800.0,0,16
5635,77184,36,2144,Yes,F,41,monthly,26,Prague,1.0,12541,0.167,0.01114566294286997,0.14,41,36,0.5324675324675324,291.50649350649354,-63600.0,48447.0,23733.68396052293,-600.0,14.6,50722.27012987011,200.0,142917.9,30287.214667670312,22446.0,200.0,0,10
5657,4980,12,415,Yes,F,41,monthly,28,south Moravia,0.505,8288,0.11,-0.0011790135586559245,0.7299999999999995,27,19,0.5869565217391305,489.1391304347827,-16000.0,15528.0,6254.1181477124255,800.0,14.6,30533.37173913044,800.0,41106.2,8705.183539928967,22500.3,800.0,0,54
5693,44088,24,1837,Yes,F,44,monthly,27,central Bohemia,0.5529999999999999,8899,0.149,-0.006146734854445318,0.5800000000000001,15,17,0.46875,1386.515625,-18000.0,24304.5,9992.09503580639,-14.6,14.6,36548.818750000006,1000.0,55576.8,11906.808161813045,44368.6,1000.0,0,24
5706,161496,36,4486,Yes,M,24,weekly,27,north Moravia,0.626,8994,0.11,-0.0020519896339144354,0.9900000000000002,78,52,0.6,225.93461538461543,-64900.0,42094.0,12757.963094364417,1600.0,8.0,33219.90000000003,500.0,113865.5,19260.546243938243,29371.5,500.0,0,6
5713,158760,60,2646,Yes,M,17,monthly,28,east Bohemia,0.59,9060,0.124,0.0007852574251155721,0.6599999999999999,111,55,0.6686746987951807,115.55662650602426,-17200.0,23810.0,7537.530722815004,-2900.0,14.6,24908.761445783133,900.0,59898.4,8944.715311238842,19182.3,900.0,0,7
5723,23628,12,1969,Yes,M,40,monthly,28,north Bohemia,0.598,8965,0.104,0.001968503937007874,1.1500000000000004,61,49,0.5545454545454546,582.6945454545453,-35200.0,43694.0,14969.32153670113,-35200.0,1.7,47420.84181818185,1000.0,140228.7,27950.21068970953,64096.3,1000.0,0,32
5724,316140,60,5269,No,M,26,monthly,28,Prague,1.0,12541,0.167,0.01114566294286997,0.14,79,60,0.5683453237410072,92.17194244604326,-9500.0,13352.0,5291.983178753222,66.8,14.6,18632.933812949643,800.0,39616.2,6901.260790646524,12826.4,800.0,0,2
5725,444864,48,9268,Yes,M,32,monthly,26,south Moravia,0.747,9624,0.145,-0.0011111167484360652,0.71,37,27,0.578125,652.2515625000002,-16300.0,25862.0,9438.321870917793,-10500.0,14.6,32404.773437499996,800.0,62903.5,11798.830196336487,41743.9,800.0,0,4
5739,76380,12,6365,Yes,F,37,monthly,27,Prague,1.0,12541,0.167,0.01114566294286997,0.14,25,20,0.5555555555555556,514.5955555555556,-8700.0,12861.0,5137.9118173346515,-14.6,14.6,26122.848888888897,1100.0,41703.3,8289.780093711837,23156.6,1100.0,0,3
5740,18564,12,1547,Yes,F,32,monthly,27,Prague,1.0,12541,0.167,0.01114566294286997,0.14,4,9,0.3076923076923077,3328.1307692307696,-13400.0,25603.5,12195.359397217768,167.3,24.0,35538.04615384616,200.0,56498.4,14265.870341694039,43265.7,200.0,0,27
5741,68544,24,2856,Yes,M,20,weekly,25,north Bohemia,0.623,9065,0.123,0.00016665789519849832,0.9299999999999997,37,17,0.6851851851851852,439.4425925925926,-34800.0,44342.0,15178.069612059662,-30.0,30.0,44948.62592592594,900.0,94207.7,20196.07407074487,23729.8,900.0,0,8
5750,63252,12,5271,Yes,F,46,monthly,27,central Bohemia,0.634,9920,0.13,0.005880179466877804,0.6100000000000003,116,48,0.7073170731707317,303.10426829268295,-31800.0,47436.0,15446.491918276866,31624.0,14.6,49291.82256097561,13097.7,86343.2,18482.29894648273,49709.2,13097.7,0,9
5754,23052,12,1921,Yes,F,53,monthly,28,south Moravia,1.0,9897,0.14,-6.450447661067678e-05,0.3599999999999999,123,48,0.7192982456140351,166.85263157894744,-24000.0,20812.0,6190.289905957705,-5520.0,14.6,23771.96608187134,700.0,54321.8,8912.019358254425,28531.7,700.0,0,14
5804,158976,48,3312,Yes,M,56,monthly,28,east Bohemia,0.619,8363,0.108,0.0016905015394354445,0.9700000000000002,104,52,0.6666666666666666,121.02307692307689,-37300.0,48358.0,14000.167284580504,74.4,14.6,49916.091025641086,600.0,130293.2,23319.33818504641,18894.0,600.0,0,5
5805,137904,24,5746,No,M,27,monthly,26,central Bohemia,0.365,9622,0.154,0.0007139363010166982,0.13999999999999996,3,9,0.25,2929.9833333333336,-9000.0,11878.0,7835.438063617623,-8100.0,29.4,26886.19166666667,600.0,43259.7,11982.10175488715,35159.7,600.0,0,6
5836,79632,24,3318,Yes,F,35,monthly,27,south Moravia,0.483,8512,0.102,-0.0011443829868395957,0.6100000000000003,6,10,0.375,5609.15625,-64300.0,66165.0,34383.04703385025,44110.0,112.5,63494.200000000004,900.0,119373.5,29061.53705517541,99262.5,900.0,0,29
5837,244560,60,4076,Yes,F,26,monthly,28,south Moravia,0.636,8757,0.096,0.002372577040049833,0.5700000000000003,24,18,0.5714285714285714,507.7642857142862,-24600.0,36680.0,15097.74726351861,-4107.0,14.6,38426.728571428575,1000.0,72512.5,15757.722747155978,21326.1,1000.0,0,5
5861,51408,24,2142,Yes,M,45,monthly,28,west Bohemia,0.556,8843,0.113,0.0015312595703723148,0.7800000000000002,33,31,0.515625,768.7328125000004,-57700.0,49907.0,20490.082507096853,-14.6,14.6,52299.285937499975,900.0,137087.2,27533.493654127193,49198.8,900.0,0,22
5876,221280,48,4610,Yes,M,26,weekly,27,north Moravia,1.0,10673,0.1,-0.0013431315033809862,0.6900000000000004,46,25,0.647887323943662,441.050704225352,-32300.0,50178.0,17996.94083959726,-30.0,30.0,37596.93239436623,1100.0,106144.8,18388.528003099997,31314.7,1100.0,0,6
5877,97224,24,4051,Yes,F,43,monthly,28,south Bohemia,0.614,8114,0.119,0.0024033917528557157,0.2400000000000002,70,42,0.625,173.92499999999998,-11700.0,16257.0,5670.881536481856,-3600.0,14.6,22360.53660714285,1000.0,43393.0,7476.937792262856,19479.6,1000.0,0,4
5880,73836,36,2051,Yes,F,28,monthly,26,north Bohemia,0.899,10446,0.09,-0.0017014888027023646,2.0600000000000005,5,14,0.2631578947368421,3550.163157894737,-37000.0,44281.0,23125.7389687626,22321.0,19.1,55315.16842105263,900.0,129607.8,32965.14577809675,67453.1,900.0,0,32
5882,87816,12,7318,Yes,M,33,monthly,28,Prague,1.0,12541,0.167,0.01114566294286997,0.14,43,41,0.5119047619047619,186.4952380952384,-10300.0,14886.0,6095.9040407632665,-5000.0,14.6,25533.2142857143,800.0,43442.2,6896.753585410004,15665.6,800.0,0,2
5886,192744,36,5354,Yes,M,32,monthly,25,south Moravia,0.40700000000000003,8544,0.109,0.0012835648783702158,0.5700000000000001,13,13,0.5,1069.1961538461535,-34100.0,49871.0,21524.24566298165,-8400.0,14.6,62590.42307692309,200.0,128778.8,28733.343188251627,27799.1,200.0,0,5
5887,192744,36,5354,Yes,F,23,monthly,28,south Moravia,0.519,8441,0.115,0.0033712028777238504,1.0300000000000002,43,33,0.5657894736842105,381.83026315789493,-47700.0,41064.0,13279.627496603152,-14.6,8.8,37265.65526315789,700.0,121508.1,16917.161794126067,29019.1,700.0,0,5
5892,66480,24,2770,No,M,60,weekly,25,north Moravia,0.564,8746,0.09,0.0004285078587242552,0.41000000000000014,3,7,0.3,3489.12,-28000.0,49631.0,21506.03919108408,206.5,20.0,34798.28,900.0,77551.0,21490.62646296442,34891.2,900.0,0,12
5897,15192,24,633,Yes,F,23,monthly,27,west Bohemia,0.8,8991,0.128,0.0006117305449295695,0.6199999999999999,122,47,0.7218934911242604,102.67455621301792,-14000.0,21513.0,6713.042568708262,-4080.0,14.6,29941.905325443797,500.0,48157.1,7237.180988793552,17351.9,500.0,0,27
5900,135360,48,2820,Yes,M,20,monthly,26,east Bohemia,0.52,8187,0.094,0.00010720307185529534,0.6200000000000001,45,32,0.5844155844155844,712.5844155844155,-46400.0,48633.0,21907.25808941114,300.8,14.6,64881.31428571429,200.0,146479.5,30587.603643206054,54883.5,200.0,0,19
5918,300204,36,8339,Yes,M,30,monthly,28,south Moravia,0.48,8720,0.116,-0.00048161823727725157,0.77,44,27,0.6197183098591549,477.9267605633803,-18300.0,28365.0,9961.408186424214,135.7,14.6,34084.4605633803,300.0,57676.7,11447.547499735838,33947.4,300.0,0,4
5922,20220,12,1685,Yes,F,22,monthly,27,central Bohemia,0.5529999999999999,8899,0.149,-0.006146734854445318,0.5800000000000001,28,23,0.5490196078431373,613.792156862745,-48100.0,49397.0,15994.266476395134,109.9,14.6,41077.63529411765,500.0,122906.7,25420.727566030233,31317.9,500.0,0,18
5923,64656,48,1347,Yes,M,49,monthly,25,west Bohemia,0.43799999999999994,8561,0.11,0.0014562096941959641,0.64,3,9,0.25,3729.0750000000003,-5700.0,13609.0,7928.79262425302,13609.0,62.9,25896.466666666664,200.0,44749.0,11814.971181770212,44749.0,200.0,0,33
5938,402000,60,6700,Yes,M,16,monthly,26,central Bohemia,0.674,9753,0.109,0.004323083799777174,0.41000000000000014,25,29,0.46296296296296297,319.11111111111126,-9100.0,9500.0,4128.500821997339,-2828.0,14.6,21568.935185185193,200.0,35650.8,7900.831741722059,17232.1,200.0,0,2
5959,107640,24,4485,Yes,F,35,monthly,26,central Bohemia,0.467,8507,0.132,0.005794068673777058,0.18000000000000016,11,12,0.4782608695652174,2840.2391304347825,-46900.0,53613.0,24954.115758577584,35742.0,14.6,50214.50434782608,600.0,107783.7,22727.670225229824,65325.4,600.0,0,14
5970,465072,48,9689,Yes,M,47,monthly,27,south Moravia,0.483,8512,0.102,-0.0011443829868395957,0.6100000000000003,65,38,0.6310679611650486,360.7038834951457,-42880.0,35163.0,13109.178331783216,-10200.0,14.6,27778.745631067963,300.0,79557.6,13613.100566191757,37152.4,300.0,0,3
5980,21396,12,1783,Yes,M,26,monthly,27,south Bohemia,0.519,9045,0.124,0.0005782706306551466,0.4700000000000002,44,34,0.5641025641025641,317.71923076923105,-14075.0,16048.0,6719.2148696235945,-14075.0,14.6,30812.946153846162,1000.0,46848.9,7990.971151238132,24782.0,1000.0,0,13
5988,141648,24,5902,Yes,M,44,monthly,25,east Bohemia,0.619,8363,0.108,0.0016905015394354445,0.9700000000000002,5,13,0.2777777777777778,4928.344444444444,-34600.0,42127.0,20748.506295215913,-34600.0,55.6,45100.42222222222,200.0,123310.1,32279.92216277436,88710.1,200.0,0,15
5989,213300,36,5925,Yes,M,31,monthly,26,east Bohemia,0.728,9538,0.111,-0.004114897281338418,0.30000000000000004,32,27,0.5423728813559322,463.16440677966096,-8160.0,13600.0,5061.0841403917675,106.1,14.6,27951.913559322016,400.0,42443.7,7864.495893274421,27341.3,400.0,0,4
5997,117024,24,4876,Yes,M,58,monthly,28,south Bohemia,0.748,10045,0.135,-0.0017390227705052733,0.29000000000000004,4,9,0.3076923076923077,4091.8076923076933,-24000.0,29255.0,19509.74139421388,208.3,45.1,44131.16923076923,800.0,76985.2,19844.247591152816,53193.5,800.0,0,10
5999,98832,48,2059,Yes,F,25,monthly,27,east Bohemia,0.591,8388,0.087,0.00010426767597777013,0.5299999999999998,127,50,0.7175141242937854,153.50225988700575,-22240.0,23282.0,7402.133118498487,139.5,14.6,31814.268361581904,500.0,63095.4,12078.55101973188,27184.4,500.0,0,13
6004,143904,24,5996,Yes,M,43,monthly,28,east Bohemia,0.52,8187,0.094,0.00010720307185529534,0.6200000000000001,92,47,0.6618705035971223,275.8007194244607,-60500.0,46108.0,15694.80077317444,-8800.0,6.7,49727.45611510793,700.0,134571.2,23416.563215441554,38336.2,700.0,0,6
6006,359760,60,5996,Yes,M,17,monthly,26,east Bohemia,0.763,9425,0.125,-0.0011986110939488676,0.78,23,25,0.4791666666666667,832.4895833333336,-51700.0,37346.0,14255.403903592842,-4710.0,14.6,32434.693750000006,900.0,127807.6,24143.874396857613,39959.4,900.0,0,6
6011,179328,48,3736,Yes,M,23,monthly,25,south Moravia,1.0,9897,0.14,-6.450447661067678e-05,0.3599999999999999,31,21,0.5961538461538461,693.7461538461541,-23040.0,34960.0,13297.549423542427,-15700.0,14.6,44093.971153846156,200.0,81614.7,14278.225737036766,36074.7,200.0,0,9
6012,258444,36,7179,Yes,M,30,weekly,25,Prague,1.0,12541,0.167,0.01114566294286997,0.14,4,12,0.25,3368.2562500000004,-14600.0,31830.0,12093.412861938175,206.4,141.4,40688.1375,600.0,61790.4,17230.159617750694,53892.1,600.0,0,7
6013,128988,36,3583,No,M,56,weekly,27,south Bohemia,0.584,8547,0.12,-0.00029725674489709255,0.9900000000000002,47,35,0.573170731707317,118.05365853658516,-27600.0,42530.0,12272.167259131436,-30.0,0.1,34740.702439024375,-36.1,78192.9,17311.11971554469,9680.2,36.1,1,2
6015,110112,24,4588,Yes,M,33,monthly,25,south Moravia,0.509,8240,0.099,0.00049114548099823,1.0300000000000002,45,37,0.5487804878048781,1303.1499999999996,-52500.0,45549.0,22818.60210797403,33425.0,14.6,76232.70000000003,700.0,135658.1,28391.569085736075,135658.1,700.0,0,29
6019,11400,12,950,Yes,F,16,monthly,26,south Moravia,1.0,9897,0.14,-6.450447661067678e-05,0.3599999999999999,48,29,0.6233766233766234,361.3038961038962,-6700.0,10734.0,3661.7528542906434,-2200.0,14.6,27533.66363636363,300.0,39514.1,6234.415407995346,27820.2,300.0,0,29
6027,61656,24,2569,No,F,42,weekly,26,central Bohemia,0.413,8598,0.123,0.005155690732738636,0.48999999999999977,3,9,0.25,4974.624999999999,-31400.0,47337.0,23294.773171801477,15200.0,36.9,44763.458333333336,400.0,89256.9,24849.149080234965,59695.5,400.0,0,23
6038,323472,48,6739,Yes,F,53,monthly,28,Prague,1.0,12541,0.167,0.01114566294286997,0.14,29,28,0.5087719298245614,1213.6789473684207,-33900.0,44802.0,18150.672608421988,230.0,14.6,45414.07368421048,200.0,119934.1,26516.428001628443,72386.4,200.0,0,10
6043,20352,48,424,Yes,F,47,monthly,26,south Moravia,0.636,8757,0.096,0.002372577040049833,0.5700000000000003,26,22,0.5416666666666666,443.36666666666684,-9600.0,12549.0,5243.28973277693,-3000.0,14.6,31814.41458333332,400.0,44427.9,9092.645216549368,21281.5,400.0,0,50
6063,320976,48,6687,No,M,59,monthly,26,Prague,1.0,12541,0.167,0.01114566294286997,0.14,27,23,0.54,929.2460000000003,-49700.0,70071.0,24296.38046283396,-9100.0,14.6,49482.96800000001,1000.0,130775.0,27435.703120029266,46462.2,1000.0,0,6
6064,14628,12,1219,Yes,F,45,monthly,28,south Moravia,0.33899999999999997,8743,0.111,0.001496414971790986,0.5500000000000003,73,29,0.7156862745098039,342.18431372549037,-14100.0,23230.5,7116.803667290632,160.7,2.0,32788.14215686272,200.0,52184.7,9015.76816505543,34917.4,200.0,0,28
6066,173808,24,7242,Yes,F,37,after-transaction,28,north Moravia,0.535,8909,0.113,0.0008751556767309569,1.5499999999999998,49,26,0.6533333333333333,1259.0920000000008,-38200.0,74522.0,26445.166083619242,49681.0,43.3,61218.658666666684,1000.0,134416.6,24967.390839870233,94431.9,1000.0,0,13
6072,193968,36,5388,Yes,M,21,after-transaction,28,north Moravia,0.626,8994,0.11,-0.0020519896339144354,0.9900000000000002,9,20,0.3103448275862069,2785.5172413793107,-54200.0,41783.0,23715.50147849456,19181.0,52.4,63579.21724137932,800.0,120567.3,30034.313435862332,80780.0,800.0,0,14
6073,276300,60,4605,Yes,M,20,monthly,26,south Moravia,0.747,9624,0.145,-0.0011111167484360652,0.71,47,45,0.5108695652173914,299.7630434782611,-5760.0,8888.0,3941.6829481420946,-3950.0,14.6,25997.563043478272,500.0,40755.0,6720.217505796418,27578.1,500.0,0,5
6077,79608,24,3317,Yes,M,23,monthly,28,east Bohemia,0.53,8254,0.097,0.0015055962729390376,0.9699999999999998,31,22,0.5849056603773585,1957.4679245283012,-51700.0,67124.0,26077.862408931138,-3100.0,14.6,69954.57169811318,800.0,125825.7,24870.23292768019,103745.7,800.0,0,31
6087,300660,60,5011,Yes,M,44,monthly,28,north Bohemia,0.853,9317,0.097,-0.0006010084453394527,0.5800000000000001,42,24,0.6363636363636364,513.9242424242422,-48900.0,44519.0,17285.908796465144,-9800.0,14.6,45854.89090909087,800.0,135175.2,30520.960807281426,33918.9,800.0,0,6
6103,149340,60,2489,Yes,M,31,weekly,28,east Bohemia,0.53,8254,0.097,0.0015055962729390376,0.9699999999999998,33,23,0.5892857142857143,420.3267857142856,-13200.0,22404.0,8513.67877149347,92.4,30.0,29069.11607142853,500.0,53214.0,10432.344642413836,23568.3,500.0,0,9
6109,368880,60,6148,Yes,M,21,monthly,27,south Moravia,0.483,8512,0.102,-0.0011443829868395957,0.6100000000000003,124,58,0.6813186813186813,580.8390109890107,-64500.0,49781.0,18793.020479054165,299.4,9.7,60030.74340659332,1100.0,151062.3,28681.80838333561,105727.0,1100.0,0,17
6111,174744,24,7281,No,F,45,monthly,28,west Bohemia,0.8,8991,0.128,0.0006117305449295695,0.6199999999999999,16,16,0.5,1816.9,-52600.0,47436.0,18855.75071096861,40175.0,14.6,37485.456249999996,1000.0,105628.0,28302.653142986743,58140.9,1000.0,0,7
6112,174744,24,7281,No,F,15,monthly,28,central Bohemia,0.514,9307,0.118,0.004434404283801874,0.5799999999999996,80,38,0.6779661016949152,58.73644067796613,-37500.0,46739.0,12614.128150397219,8300.0,0.2,26252.81440677967,-1369.2,96659.4,23430.521918399387,6930.8,186.4,1,0
6120,209184,48,4358,Yes,M,41,monthly,28,Prague,1.0,12541,0.167,0.01114566294286997,0.14,42,26,0.6176470588235294,650.8058823529418,-61800.0,54645.0,21705.699409477493,-14500.0,14.6,46230.339705882405,1000.0,110583.8,19403.334950613862,44254.7,1000.0,0,10
6130,32640,48,680,Yes,M,53,monthly,26,east Bohemia,0.763,9425,0.125,-0.0011986110939488676,0.78,68,39,0.6355140186915887,175.70186915887857,-20700.0,11200.0,4414.736988447476,-4100.0,14.6,25906.4093457944,300.0,43206.0,7545.466318441954,18800.0,300.0,0,27
6137,44628,12,3719,Yes,M,52,weekly,27,central Bohemia,0.413,8598,0.123,0.005155690732738636,0.48999999999999977,103,43,0.7054794520547946,550.9575342465753,-59000.0,71565.0,22910.533347878514,47710.0,30.0,49477.32123287669,900.0,112689.5,22661.883780456672,80439.7,900.0,0,21
6144,44376,12,3698,Yes,M,34,monthly,25,south Bohemia,0.519,9045,0.124,0.0005782706306551466,0.4700000000000002,21,18,0.5384615384615384,1749.7820512820517,-54100.0,49412.0,21657.228439032977,-14463.0,14.6,53505.215384615374,800.0,124090.0,28278.24506461626,68241.5,800.0,0,18
6150,83016,12,6918,Yes,M,15,monthly,28,south Moravia,0.48,8720,0.116,-0.00048161823727725157,0.77,129,67,0.6581632653061225,343.9056122448976,-64400.0,48883.0,20004.60798525459,302.5,14.6,67891.93520408162,700.0,136436.6,25921.044106424713,93620.2,700.0,0,13
6151,225420,60,3757,Yes,F,46,monthly,27,south Moravia,0.5379999999999999,8814,0.107,-0.00044954494177120704,0.9800000000000004,29,22,0.5686274509803921,635.3627450980392,-14800.0,20727.0,7892.115364285061,-6800.0,14.6,31185.156862745098,200.0,53271.6,9614.3623318295,32403.4,200.0,0,8
6153,285600,60,4760,Yes,F,14,weekly,27,central Bohemia,0.514,9307,0.118,0.004434404283801874,0.5799999999999996,25,24,0.5102040816326531,575.3938775510208,-33600.0,42729.0,15706.11022393578,4200.0,30.0,49651.8918367347,1100.0,126077.1,26473.42182373544,28194.4,1100.0,0,5
6157,98592,24,4108,Yes,F,31,after-transaction,26,central Bohemia,0.467,10124,0.141,0.005494982841753182,-0.020000000000000018,13,13,0.5,1687.380769230769,-24500.0,36975.0,15740.18703617004,-2700.0,68.7,54128.56538461536,900.0,78713.7,19656.29438137193,62671.9,900.0,0,15
6169,103680,60,1728,No,M,23,monthly,28,east Bohemia,0.591,8388,0.087,0.00010426767597777013,0.5299999999999998,65,44,0.5963302752293578,277.3183486238534,-13920.0,14422.5,5844.976840957274,-6200.0,14.6,28250.10917431192,500.0,46520.1,9371.387579711678,30227.6,500.0,0,17
6175,290700,60,4845,No,F,36,monthly,26,east Bohemia,0.619,8363,0.108,0.0016905015394354445,0.9700000000000002,58,42,0.58,115.74899999999975,-56400.0,49763.0,20815.30469658845,14400.0,5.1,59647.42399999998,-2825.2,129626.3,31590.330595889613,11574.8,300.0,1,2
6178,232560,48,4845,Yes,F,25,after-transaction,26,north Moravia,1.0,10673,0.1,-0.0013431315033809862,0.6900000000000004,13,14,0.48148148148148145,1527.540740740741,-37300.0,39741.0,19095.755186795977,-11564.0,100.0,63188.63333333334,600.0,102665.9,26204.030675466118,41243.5,600.0,0,8
6185,31176,24,1299,Yes,M,27,monthly,26,Prague,1.0,12541,0.167,0.01114566294286997,0.14,11,12,0.4782608695652174,2202.0478260869563,-16900.0,29418.0,12849.710191244483,-1600.0,14.6,46304.15217391303,700.0,65769.6,15340.950971615734,50647.1,700.0,0,38
6190,123600,60,2060,Yes,M,28,monthly,26,north Moravia,0.899,10177,0.081,0.0008059231850084271,1.12,29,20,0.5918367346938775,316.440816326531,-43300.0,47109.0,15765.43962695668,-14.6,14.6,39514.6775510204,300.0,105255.7,23277.873093332153,15505.6,300.0,0,7
6202,65184,12,5432,Yes,M,36,monthly,28,central Bohemia,0.41700000000000004,8980,0.111,-0.00014621437686091024,0.26,52,30,0.6341463414634146,829.2134146341464,-39900.0,48891.0,18176.255524503395,-7100.0,14.6,47426.549999999974,900.0,102410.3,18172.768250468802,67995.4,900.0,0,12
6210,87216,48,1817,No,M,30,monthly,28,south Bohemia,0.519,9045,0.124,0.0005782706306551466,0.4700000000000002,12,21,0.36363636363636365,657.3060606060608,-12600.0,16356.0,6304.685894086011,126.8,14.6,28362.24848484848,200.0,41410.0,8425.332672368242,21705.9,200.0,0,11
6216,141240,24,5885,Yes,M,32,monthly,28,east Bohemia,0.52,8187,0.094,0.00010720307185529534,0.6200000000000001,75,27,0.7352941176470589,449.7225490196078,-43500.0,52968.0,16080.692150131732,-4900.0,14.6,57219.574509803846,1000.0,107784.1,19476.293991224597,45871.6,1000.0,0,7
6223,61056,48,1272,Yes,F,37,monthly,28,south Moravia,0.48,8720,0.116,-0.00048161823727725157,0.77,41,23,0.640625,523.8328125000003,-13500.0,24372.0,8838.6079033715,-14.6,14.6,36039.05156249998,900.0,55816.0,9064.78033824496,33525.3,900.0,0,26
6227,28248,24,1177,Yes,F,25,monthly,28,east Bohemia,0.728,9538,0.111,-0.004114897281338418,0.30000000000000004,56,38,0.5957446808510638,358.82127659574473,-23400.0,30055.5,12577.335037621231,-14.6,14.6,45582.44893617021,400.0,69893.0,11726.617607165179,33729.1,400.0,0,28
6228,464520,60,7742,No,F,52,weekly,28,north Moravia,0.535,8909,0.113,0.0008751556767309569,1.5499999999999998,37,31,0.5441176470588235,1284.8573529411765,-41000.0,47757.0,18515.433732174413,290.7,30.0,51760.01617647063,200.0,125943.1,27848.686707573845,101797.3,200.0,0,13
6229,11736,24,489,Yes,M,56,monthly,28,Prague,1.0,12541,0.167,0.01114566294286997,0.14,97,36,0.7293233082706767,202.89172932330854,-22500.0,33098.0,10292.575569812925,-2200.0,14.6,42224.43909774438,1100.0,70826.8,11703.03977104676,26984.4,1100.0,0,55
6232,276660,36,7685,No,M,45,monthly,28,south Moravia,0.46,8772,0.126,0.002439709481963003,0.29000000000000004,28,30,0.4827586206896552,341.09310344827594,-9800.0,11600.0,4661.409938004492,4987.0,9.5,19256.89482758621,500.0,32720.4,6029.338312664938,19783.2,500.0,0,2
6244,270648,36,7518,No,M,57,weekly,27,Prague,1.0,12541,0.167,0.01114566294286997,0.14,36,36,0.5,708.2861111111112,-52700.0,47433.0,20562.96641988107,-25800.0,30.0,60819.976388888885,200.0,134501.4,29717.34457286979,50996.5,200.0,0,6
6253,59760,24,2490,Yes,M,35,monthly,27,north Moravia,1.0,10673,0.1,-0.0013431315033809862,0.6900000000000004,32,22,0.5925925925925926,761.7259259259262,-21440.0,34557.0,12619.737173177173,-14.6,14.6,40204.4648148148,300.0,69643.1,12827.193914171468,41133.1,300.0,0,16
6272,398640,60,6644,Yes,F,34,weekly,28,north Moravia,1.0,10673,0.1,-0.0013431315033809862,0.6900000000000004,52,34,0.6046511627906976,689.7302325581394,-48100.0,59793.0,24531.737124012707,-30800.0,30.0,63383.57558139535,400.0,121689.5,21947.881092045613,59316.9,400.0,0,8
6279,87360,24,3640,Yes,M,31,monthly,28,north Bohemia,0.598,8965,0.104,0.001968503937007874,1.1500000000000004,14,16,0.4666666666666667,968.6000000000003,-22800.0,49341.0,14770.064504820271,-14.6,14.6,36783.95,200.0,69174.6,13552.449489852383,29057.9,200.0,0,7
6283,85632,48,1784,Yes,F,47,monthly,26,south Moravia,0.747,9624,0.145,-0.0011111167484360652,0.71,47,38,0.5529411764705883,1175.7517647058824,-60800.0,49917.0,23579.22481372821,-17300.0,14.6,65066.73529411768,800.0,156504.1,26945.910380677462,99938.7,800.0,0,56
6294,79920,60,1332,Yes,M,41,monthly,28,west Bohemia,1.0,10787,0.131,0.0012907086577216645,0.44999999999999973,66,29,0.6947368421052632,329.1747368421056,-24300.0,36634.5,12738.082800263792,-5984.0,14.6,43846.97789473684,700.0,74199.5,11483.013284673825,31271.6,700.0,0,23
6296,270384,48,5633,Yes,M,34,monthly,26,central Bohemia,0.41700000000000004,8980,0.111,-0.00014621437686091024,0.26,55,32,0.632183908045977,664.7712643678165,-30800.0,50696.0,18371.692077442156,33797.0,14.6,47654.24482758614,700.0,91294.4,18202.53979303858,57835.1,700.0,0,10
6297,17508,12,1459,Yes,M,48,monthly,28,central Bohemia,0.58,8754,0.137,0.0005933067581347919,0.47999999999999954,41,31,0.5694444444444444,667.0430555555557,-13300.0,17580.0,7200.266425798861,-720.0,14.6,39290.618055555555,900.0,54432.3,9324.209981583175,48027.0,900.0,0,32
6302,181020,60,3017,Yes,F,30,monthly,26,east Bohemia,0.59,9060,0.124,0.0007852574251155721,0.6599999999999999,56,37,0.6021505376344086,457.2688172043014,-19900.0,27150.0,10749.054975033838,18100.0,14.6,34005.90645161289,500.0,60475.3,9801.680644529757,45526.0,500.0,0,15
6303,72408,24,3017,No,F,37,after-transaction,26,west Bohemia,0.5920000000000001,8930,0.108,0.0024165416171340595,0.6800000000000002,4,9,0.3076923076923077,2797.223076923077,-32700.0,49634.0,20971.946825150095,-14000.0,96.5,45099.26153846154,700.0,83619.5,19929.621714110985,36363.9,700.0,0,12
6306,36684,12,3057,Yes,F,16,monthly,28,north Moravia,0.899,10177,0.081,0.0008059231850084271,1.12,75,50,0.6,280.7456000000001,-24480.0,18552.0,7018.160422794658,-5700.0,8.3,30229.797600000005,700.0,50774.2,7937.353315967115,35093.0,700.0,0,11
6309,110136,24,4589,Yes,F,38,monthly,26,Prague,1.0,12541,0.167,0.01114566294286997,0.14,34,29,0.5396825396825397,646.7714285714293,-60700.0,45640.0,18815.813955214242,-4891.0,14.6,50815.80476190475,400.0,140542.8,29147.98491700158,40746.5,400.0,0,8
6315,43164,12,3597,Yes,F,19,monthly,27,south Moravia,0.5379999999999999,8814,0.107,-0.00044954494177120704,0.9800000000000004,43,26,0.6231884057971014,454.3492753623184,-43700.0,57680.0,21714.197967456435,900.0,14.6,68377.06376811591,800.0,120071.4,22291.65403318662,31349.9,800.0,0,8
6316,76908,12,6409,No,F,48,monthly,28,central Bohemia,0.674,9753,0.109,0.004323083799777174,0.41000000000000014,60,42,0.5882352941176471,145.96568627450958,-52200.0,47434.0,19010.291202198227,7000.0,14.6,52890.40392156865,1100.0,126002.8,23250.780434566495,14888.6,1100.0,0,2
6336,212400,36,5900,Yes,F,27,weekly,28,north Bohemia,0.598,8965,0.104,0.001968503937007874,1.1500000000000004,40,31,0.5633802816901409,904.523943661972,-42900.0,48828.0,18249.048697769467,-33500.0,30.0,51034.36197183098,300.0,133215.2,27309.501085647138,64221.1,300.0,0,10
6342,60156,36,1671,No,M,19,monthly,26,south Bohemia,0.569,8427,0.107,0.00041519839030777913,0.41999999999999993,30,26,0.5357142857142857,1191.301785714286,-53600.0,49767.0,23126.58779759381,-53600.0,14.6,72667.63571428569,400.0,159712.8,34206.987415175485,106112.8,400.0,0,63
6354,22968,36,638,Yes,F,46,monthly,25,south Bohemia,0.569,8427,0.107,0.00041519839030777913,0.41999999999999993,1,10,0.09090909090909091,3530.090909090909,-3600.0,8200.0,4586.05344592811,8155.0,16.3,23324.936363636363,1000.0,38831.0,11195.573958245528,38831.0,1000.0,0,60
6356,95400,36,2650,Yes,M,22,weekly,28,central Bohemia,0.514,9307,0.118,0.004434404283801874,0.5799999999999996,25,22,0.5319148936170213,588.6595744680851,-33500.0,35760.0,16204.181715138946,-30.0,23.6,41562.32340425532,200.0,92354.8,23576.743344256894,27667.0,200.0,0,10
6358,137880,60,2298,No,M,31,weekly,28,north Moravia,0.626,8994,0.11,-0.0020519896339144354,0.9900000000000002,51,38,0.5730337078651685,224.34719101123588,-20848.0,20684.0,8580.77908274293,-5100.0,30.0,24523.07303370786,200.0,52658.4,11727.066048624869,19966.8,200.0,0,8
6362,37908,12,3159,Yes,F,19,monthly,27,south Moravia,0.40700000000000003,8544,0.109,0.0012835648783702158,0.5700000000000001,45,31,0.5921052631578947,606.7592105263159,-22479.0,28431.0,11087.586234682192,-12300.0,14.1,42164.027631578945,800.0,69530.4,12938.940496291016,46113.5,800.0,0,14
6403,194880,48,4060,Yes,M,15,monthly,27,north Moravia,1.0,10673,0.1,-0.0013431315033809862,0.6900000000000004,76,37,0.672566371681416,274.3982300884959,-23532.0,36536.0,12633.435844494606,-14.6,14.6,36421.42566371683,300.0,71138.8,13195.884796079004,31007.0,300.0,0,7
6407,25944,24,1081,Yes,F,34,monthly,28,north Bohemia,0.856,9832,0.114,-0.008209018120522545,1.1600000000000006,18,19,0.4864864864864865,1875.6486486486483,-29900.0,36289.5,15950.623795423275,24193.0,14.6,56927.45405405403,600.0,80155.2,17426.036797826957,69398.9,600.0,0,64
6421,96768,36,2688,Yes,F,28,monthly,26,north Bohemia,0.598,8965,0.104,0.001968503937007874,1.1500000000000004,38,28,0.5757575757575758,566.6136363636364,-64100.0,48172.0,20526.20937210155,-5200.0,13.4,51611.34242424239,900.0,117830.9,22929.24381405384,37396.4,900.0,0,13
6456,47016,12,3918,Yes,F,35,after-transaction,28,east Bohemia,0.735,8369,0.117,-0.0020938877995546053,0.52,20,22,0.47619047619047616,1399.366666666666,-51800.0,47705.0,18411.845320199693,-14581.0,32.8,60382.085714285706,200.0,112901.6,23888.321559448163,58773.2,200.0,0,15
6460,48672,36,1352,Yes,F,46,monthly,28,south Moravia,0.33899999999999997,8743,0.111,0.001496414971790986,0.5500000000000003,63,34,0.6494845360824743,238.24845360824742,-5880.0,12100.0,2648.5272061056794,-14.6,14.6,23050.189690721647,300.0,33484.4,5423.587576531727,23110.0,300.0,0,17
6461,74124,36,2059,Yes,F,57,weekly,26,central Bohemia,0.58,8754,0.137,0.0005933067581347919,0.47999999999999954,83,39,0.680327868852459,210.3139344262296,-43200.0,49816.0,15987.369531185042,-1080.0,30.0,54371.29918032791,400.0,159765.9,30062.389743314227,25658.0,400.0,0,12
6471,155640,24,6485,Yes,F,53,monthly,26,central Bohemia,0.514,9307,0.118,0.004434404283801874,0.5799999999999996,78,27,0.7428571428571429,385.6628571428572,-21700.0,34486.0,10223.163061469557,-14.6,14.6,45183.34952380955,500.0,72838.9,13513.4703010347,40494.6,500.0,0,6
6474,63360,60,1056,Yes,M,39,monthly,28,east Bohemia,0.608,8208,0.155,0.006117460527185043,0.3699999999999999,70,49,0.5882352941176471,215.42352941176483,-7300.0,12138.0,4587.227469071161,-14.6,14.6,29108.363865546195,700.0,40733.8,6107.706916241164,25635.0,700.0,0,24
6499,80952,24,3373,Yes,M,48,monthly,28,Prague,1.0,12541,0.167,0.01114566294286997,0.14,32,22,0.5925925925925926,532.3944444444447,-22400.0,30354.0,11890.461827732386,150.2,13.5,33312.53888888891,1100.0,67529.6,12270.895742079612,28763.7,1100.0,0,8
6501,30276,12,2523,No,F,57,monthly,26,south Bohemia,0.67,9104,0.123,0.000532187678403824,0.5599999999999998,34,58,0.3695652173913043,270.9847826086956,-18500.0,22708.0,8435.087354732237,-18500.0,14.6,31318.87282608695,1000.0,58621.4,12216.3463270595,24930.3,1000.0,0,9
6509,55368,24,2307,Yes,F,54,monthly,28,south Moravia,0.747,9624,0.145,-0.0011111167484360652,0.71,51,47,0.5204081632653061,126.67959183673464,-34100.0,48139.0,13447.74775955936,10100.0,14.6,46061.31938775505,200.0,113350.7,24131.83891162098,12414.4,200.0,0,5
6512,63312,48,1319,Yes,F,38,monthly,28,west Bohemia,0.5920000000000001,8930,0.108,0.0024165416171340595,0.6800000000000002,47,35,0.573170731707317,348.2121951219513,-4600.0,10500.0,2812.955489695835,900.0,14.6,22551.77926829271,500.0,31462.9,5522.432869014776,28553.5,500.0,0,21
6520,91200,24,3800,Yes,F,38,monthly,28,north Bohemia,0.899,10446,0.09,-0.0017014888027023646,2.0600000000000005,18,18,0.5,908.7555555555557,-22100.0,34198.0,14394.25999025692,22799.0,14.6,32558.533333333333,700.0,76736.9,15743.433555304437,32715.3,700.0,0,8
6526,288468,36,8013,Yes,F,36,monthly,27,south Moravia,0.505,8288,0.11,-0.0011790135586559245,0.7299999999999995,3,14,0.17647058823529413,2872.9705882352946,-23300.0,30950.0,13521.186598712626,26.1,6.4,36999.52352941177,600.0,71939.2,16205.72181108147,48665.3,600.0,0,6
6535,41952,12,3496,Yes,M,22,monthly,27,east Bohemia,0.763,9425,0.125,-0.0011986110939488676,0.78,74,31,0.7047619047619048,234.97904761904778,-25400.0,31462.0,9988.010979859182,134.4,14.6,41502.025714285715,500.0,71527.0,13263.348751707794,24687.4,500.0,0,7
6540,309600,48,6450,Yes,M,20,weekly,26,north Moravia,0.626,8994,0.11,-0.0020519896339144354,0.9900000000000002,34,22,0.6071428571428571,633.7142857142854,-34700.0,58052.0,23275.074268014916,-22389.0,30.0,58185.589285714275,400.0,112363.1,20963.728475446504,35488.1,400.0,0,5
6545,191880,60,3198,Yes,M,46,monthly,26,south Bohemia,0.67,9104,0.123,0.000532187678403824,0.5599999999999998,52,35,0.5977011494252874,902.5413793103446,-59200.0,46829.0,18802.118055294854,12269.0,14.6,53685.78620689651,400.0,128539.4,26747.651934377307,78521.0,400.0,0,24
6546,31728,24,1322,Yes,M,44,monthly,28,Prague,1.0,12541,0.167,0.01114566294286997,0.14,76,41,0.6495726495726496,280.36666666666684,-19680.0,22267.5,7906.576424876559,-3240.0,14.6,31139.747863247834,600.0,56122.8,9913.02291629028,32802.7,600.0,0,24
6550,320592,48,6679,Yes,F,25,monthly,26,south Moravia,0.40700000000000003,8544,0.109,0.0012835648783702158,0.5700000000000001,58,30,0.6590909090909091,785.780681818182,-46600.0,60108.0,21262.713062908962,-5800.0,14.6,60781.306818181794,500.0,117827.8,21161.10823723557,69148.6,500.0,0,10
6577,51696,24,2154,Yes,F,26,monthly,28,north Moravia,1.0,10673,0.1,-0.0013431315033809862,0.6900000000000004,58,44,0.5686274509803921,374.53235294117627,-59600.0,46889.0,21241.171900965554,-9500.0,14.6,58226.50490196077,600.0,124339.4,26115.030058226144,38202.2,600.0,0,17
6578,27984,12,2332,Yes,M,46,weekly,27,east Bohemia,0.619,8363,0.108,0.0016905015394354445,0.9700000000000002,46,30,0.6052631578947368,241.84736842105266,-25700.0,47513.0,12496.861912693374,-8217.0,30.0,30639.863157894713,500.0,82352.4,16237.333801572568,18380.5,500.0,0,7
6580,196080,48,4085,Yes,M,35,monthly,28,west Bohemia,0.855,8624,0.102,0.003649092302588682,0.8700000000000001,27,20,0.574468085106383,1848.029787234043,-35700.0,46888.0,16576.270274321494,-4900.0,14.6,49143.96595744681,900.0,97457.4,23182.39661204049,86857.4,900.0,0,21
6585,372120,60,6202,Yes,M,51,monthly,26,south Moravia,0.747,9624,0.145,-0.0011111167484360652,0.71,101,71,0.5872093023255814,270.8174418604653,-63300.0,48768.0,21258.89169377205,-12800.0,14.6,64044.04593023261,500.0,128495.4,25895.9123556906,46580.5,500.0,0,7
6589,189696,24,7904,Yes,M,50,weekly,26,south Bohemia,0.527,8402,0.12,0.0019444660496227735,0.8500000000000001,59,30,0.6629213483146067,995.867415730337,-57600.0,49775.0,19185.851320864356,210.9,30.0,54137.10561797752,700.0,125386.9,23400.63444036177,88662.1,700.0,0,11
6591,20832,48,434,Yes,M,46,monthly,28,north Bohemia,0.598,8965,0.104,0.001968503937007874,1.1500000000000004,104,47,0.6887417218543046,118.360927152318,-19700.0,13251.0,4276.905237419124,68.5,14.6,21368.909933774863,500.0,41997.9,5923.774708486194,17887.1,500.0,0,41
6594,189696,24,7904,No,F,24,monthly,27,south Moravia,0.519,8441,0.115,0.0033712028777238504,1.0300000000000002,0,5,0.0,4500.0,600.0,11500.0,4623.310502226733,2200.0,600.0,14900.0,600.0,22500.0,8889.038193190532,22500.0,600.0,0,2
6596,91584,24,3816,Yes,F,42,monthly,28,north Bohemia,0.847,8705,0.116,0.001562301441951905,1.8600000000000003,17,14,0.5483870967741935,1607.8387096774193,-30600.0,47906.0,21422.380148412976,-27900.0,14.6,50765.41612903225,1000.0,83039.4,18234.74108903289,49842.9,1000.0,0,13
6598,68112,12,5676,Yes,F,17,monthly,28,north Bohemia,0.805,8867,0.13,0.0026586157173756307,0.18999999999999995,110,37,0.7482993197278912,268.13809523809533,-42100.0,57164.0,17044.76002469667,-7500.0,14.6,47220.13401360543,300.0,111588.8,19532.468493474174,39416.1,300.0,0,6
6599,72120,12,6010,Yes,F,44,monthly,26,east Bohemia,0.619,8363,0.108,0.0016905015394354445,0.9700000000000002,62,40,0.6078431372549019,966.9794117647052,-50700.0,54092.0,21452.914456134986,-7000.0,14.6,75686.06568627457,1000.0,109338.9,20598.00230804139,98631.7,1000.0,0,16
6600,21852,36,607,Yes,M,40,monthly,26,north Bohemia,0.877,9675,0.1,-0.0010619949535277395,1.25,6,12,0.3333333333333333,2383.294444444445,-18100.0,27736.5,13297.319828113626,-26.0,14.6,38509.05,700.0,60863.2,15001.855573002804,42899.4,700.0,0,70
6613,84120,24,3505,Yes,F,46,weekly,25,north Moravia,0.484,8173,0.124,-0.03675766563134911,4.185,7,12,0.3684210526315789,3365.9421052631583,-36300.0,47952.0,21047.20841107532,13484.0,30.0,56910.689473684215,900.0,89570.9,24271.624057983947,45528.9,900.0,0,12
6624,71460,12,5955,Yes,M,49,monthly,28,south Moravia,0.33899999999999997,8743,0.111,0.001496414971790986,0.5500000000000003,23,20,0.5348837209302325,1784.211627906977,-24300.0,48487.0,15446.517466147652,34197.0,14.6,47991.530232558136,200.0,82549.0,19235.72960061234,53022.0,200.0,0,8
6642,77640,12,6470,Yes,M,26,weekly,28,west Bohemia,0.43799999999999994,8561,0.11,0.0014562096941959641,0.64,38,22,0.6333333333333333,513.7649999999996,-35000.0,58227.0,20304.337007709768,-6000.0,30.0,55570.30499999995,700.0,117489.5,23174.95183686821,30825.8,700.0,0,4
6644,93600,24,3900,Yes,M,24,monthly,25,central Bohemia,0.5529999999999999,8899,0.149,-0.006146734854445318,0.5800000000000001,34,21,0.6181818181818182,477.01636363636385,-42900.0,45287.0,14785.065939027592,-3231.0,14.6,40078.70727272725,900.0,96108.3,21469.630340267242,26235.8,900.0,0,6
6645,140400,36,3900,Yes,M,53,monthly,28,north Moravia,1.0,10673,0.1,-0.0013431315033809862,0.6900000000000004,23,22,0.5111111111111111,628.26,-63200.0,44739.0,19380.17457458899,-5100.0,14.6,43563.61999999999,400.0,115000.2,18981.79097613385,28271.8,400.0,0,7
6647,208320,48,4340,Yes,F,26,weekly,28,west Bohemia,0.5920000000000001,8930,0.108,0.0024165416171340595,0.6800000000000002,52,33,0.611764705882353,519.8023529411764,-29700.0,39060.0,14500.177189565788,-30.0,30.0,43944.88941176475,200.0,82981.9,16039.860835602089,44183.1,200.0,0,10
6650,49320,12,4110,No,F,48,after-transaction,28,west Bohemia,0.8,8991,0.128,0.0006117305449295695,0.6199999999999999,32,17,0.6530612244897959,319.869387755102,-62700.0,45628.0,17673.643380683712,-11567.0,100.0,46576.27755102041,900.0,126833.0,24439.877180919786,15673.6,900.0,0,3
6659,56100,60,935,Yes,M,37,monthly,26,south Moravia,1.0,9897,0.14,-6.450447661067678e-05,0.3599999999999999,40,28,0.5882352941176471,226.5779411764704,-10700.0,13986.0,5610.398800145166,-6216.0,14.6,20158.00147058824,1000.0,45346.1,8426.832211799325,15407.2,1000.0,0,16
6667,155880,24,6495,Yes,F,27,monthly,27,north Bohemia,0.623,9065,0.123,0.00016665789519849832,0.9299999999999997,91,51,0.6408450704225352,313.8366197183097,-60700.0,49818.0,18418.33745229831,-8305.0,14.6,63263.14718309857,1000.0,164648.6,26666.145799399845,44564.6,1000.0,0,6
6668,74736,36,2076,Yes,M,28,monthly,28,east Bohemia,0.535,8390,0.132,0.0005390351271224508,0.6100000000000003,41,26,0.6119402985074627,496.17761194029873,-20000.0,30918.0,12019.83329243066,-10200.0,14.6,37912.998507462675,700.0,62084.0,10605.68811295336,33243.7,700.0,0,16
6676,29784,24,1241,Yes,F,25,monthly,26,west Bohemia,1.0,10787,0.131,0.0012907086577216645,0.44999999999999973,3,9,0.25,3160.016666666667,-11300.0,17241.0,8783.15395710689,-11300.0,59.4,27626.08333333333,200.0,49220.3,13131.977125726578,37920.3,200.0,0,30
6678,80340,12,6695,Yes,F,18,monthly,28,Prague,1.0,12541,0.167,0.01114566294286997,0.14,30,22,0.5769230769230769,1718.128846153846,-39200.0,61260.0,22922.615188792603,40840.0,14.6,61531.59038461539,1100.0,122523.5,26678.258714234544,89342.6,1100.0,0,13
6686,224604,36,6239,Yes,M,18,monthly,28,west Bohemia,0.5920000000000001,8930,0.108,0.0024165416171340595,0.6800000000000002,59,34,0.6344086021505376,433.19677419354855,-40000.0,56152.0,21609.29235832832,-17300.0,14.6,57496.98924731188,200.0,109178.4,21234.856010411902,40287.4,200.0,0,6
6687,87840,24,3660,Yes,F,13,monthly,28,central Bohemia,0.413,8598,0.123,0.005155690732738636,0.48999999999999977,3,14,0.17647058823529413,2579.2823529411767,-22000.0,32938.0,15010.214805518079,-22000.0,51.3,46318.55294117648,500.0,65847.8,20670.97738216307,43847.8,500.0,0,11
6694,134784,24,5616,Yes,F,54,monthly,27,north Moravia,0.899,10177,0.081,0.0008059231850084271,1.12,25,30,0.45454545454545453,294.88545454545385,-58800.0,43785.0,16638.728676287676,-4900.0,12.2,44005.11272727274,900.0,112839.2,25288.200975246633,16218.7,900.0,0,2
6696,89040,60,1484,Yes,F,24,monthly,28,north Moravia,0.535,8909,0.113,0.0008751556767309569,1.5499999999999998,43,44,0.4942528735632184,336.8505747126437,-11400.0,15843.0,5561.914755559467,-800.0,14.6,30045.399999999998,800.0,46550.2,8832.079278613892,29305.8,800.0,0,19
6698,247728,48,5161,Yes,M,16,weekly,26,Prague,1.0,12541,0.167,0.01114566294286997,0.14,27,23,0.54,1051.0359999999996,-57900.0,48620.0,20129.462529537774,-2539.0,30.0,60054.73400000001,200.0,108390.1,23168.339445014884,52551.7,200.0,0,10
6699,7656,24,319,Yes,F,31,monthly,28,east Bohemia,0.59,9060,0.124,0.0007852574251155721,0.6599999999999999,45,36,0.5555555555555556,448.80246913580254,-21700.0,31677.0,10984.030000618799,-12800.0,9.2,46444.63950617286,600.0,73069.1,12923.560345495733,36353.1,600.0,0,113
6704,417060,60,6951,Yes,F,33,monthly,28,west Bohemia,0.556,8843,0.113,0.0015312595703723148,0.7800000000000002,33,41,0.44594594594594594,1094.3067567567566,-52700.0,43656.0,16945.540746153332,-14.6,14.6,58445.027027027056,200.0,127508.6,25817.73541355227,80978.7,200.0,0,11
6712,266220,60,4437,Yes,F,30,monthly,27,south Bohemia,0.584,8547,0.12,-0.00029725674489709255,0.9900000000000002,91,53,0.6319444444444444,265.00069444444466,-23840.0,33190.0,9870.65015534237,-5200.0,14.6,34922.881249999984,900.0,66744.4,11836.447603426754,38159.6,900.0,0,8
6715,220620,60,3677,Yes,F,52,monthly,27,south Bohemia,0.584,8547,0.12,-0.00029725674489709255,0.9900000000000002,74,54,0.578125,206.47812499999992,-20500.0,33096.0,10469.033567696924,-14.6,14.6,36907.456249999996,1100.0,70272.7,14352.078379313041,26428.9,1100.0,0,7
6721,21072,24,878,Yes,F,29,monthly,28,south Bohemia,0.614,8114,0.119,0.0024033917528557157,0.2400000000000002,2,13,0.13333333333333333,2057.8066666666664,-5700.0,9738.0,4342.030503687461,-2600.0,48.5,21575.68666666666,1100.0,33467.0,9070.837344626276,30867.0,1100.0,0,35
6725,265320,36,7370,Yes,F,46,monthly,28,east Bohemia,0.705,8541,0.131,0.0028126973193272485,0.4600000000000004,84,64,0.5675675675675675,238.4479729729732,-17700.0,26409.0,8594.650650793175,-7000.0,14.6,35566.88108108107,700.0,61993.3,9992.57311449955,35289.8,700.0,0,4
6726,85860,60,1431,Yes,F,39,monthly,27,central Bohemia,0.467,8507,0.132,0.005794068673777058,0.18000000000000016,49,47,0.5104166666666666,410.0729166666667,-10300.0,16713.0,5437.715083890895,-14.6,5.0,30461.404166666678,1000.0,44713.5,7824.866629042196,39366.8,1000.0,0,27
6729,74688,12,6224,Yes,F,49,monthly,28,west Bohemia,0.855,8624,0.102,0.003649092302588682,0.8700000000000001,63,49,0.5625,258.332142857143,-38400.0,56019.0,18708.853799686833,-13711.0,14.6,48484.62410714285,1100.0,104902.4,20930.650934412955,28933.3,1100.0,0,4
6732,174048,48,3626,Yes,F,44,monthly,26,east Bohemia,0.728,9538,0.111,-0.004114897281338418,0.30000000000000004,31,38,0.4492753623188406,784.6449275362316,-46800.0,49461.0,20505.94743237374,-10800.0,14.6,72968.3811594203,600.0,127067.6,23455.92726432901,54140.4,600.0,0,14
6734,173016,36,4806,Yes,F,51,weekly,26,south Bohemia,0.748,10045,0.135,-0.0017390227705052733,0.29000000000000004,47,47,0.5,939.7010638297871,-62700.0,49769.0,20611.488169243366,-25600.0,30.0,61799.24361702124,300.0,123928.2,26512.878935391018,88331.6,300.0,0,18
6736,288360,60,4806,Yes,M,58,after-transaction,27,Prague,1.0,12541,0.167,0.01114566294286997,0.14,2,8,0.2,4345.04,-15200.0,27116.0,13347.710764788262,137.1,8.7,33211.759999999995,800.0,58495.8,16686.231188764257,43450.3,800.0,0,9
6737,76680,24,3195,Yes,M,46,monthly,28,north Moravia,0.5720000000000001,9893,0.096,0.00115360413899182,0.6299999999999999,90,53,0.6293706293706294,190.1503496503495,-38700.0,57554.0,17120.749837575084,-5483.0,14.6,62933.4748251748,1000.0,104676.1,21005.680291887616,27191.2,1000.0,0,8
6738,230220,36,6395,No,F,51,monthly,28,north Moravia,1.0,10673,0.1,-0.0013431315033809862,0.6900000000000004,44,38,0.5365853658536586,77.14268292682924,-59800.0,47953.0,13931.684027646495,-8894.0,4.9,27658.487804878067,-2719.7,130801.0,29524.489997327957,6325.5,900.0,1,0
6745,47304,24,1971,Yes,M,23,monthly,28,south Moravia,0.747,9624,0.145,-0.0011111167484360652,0.71,91,76,0.5449101796407185,374.00239520958087,-59900.0,49060.0,21120.817481329475,-29500.0,14.6,68740.02335329348,400.0,148093.0,30916.763221258978,62458.3,400.0,0,31
6751,85716,36,2381,Yes,M,58,monthly,25,south Bohemia,0.614,8114,0.119,0.0024033917528557157,0.2400000000000002,4,15,0.21052631578947367,1921.947368421053,-15900.0,21430.0,10332.341174969248,-15900.0,52.5,31337.25789473685,800.0,52782.7,12288.06300721313,36516.9,800.0,0,15
6764,33984,48,708,Yes,M,23,monthly,27,south Moravia,0.747,9624,0.145,-0.0011111167484360652,0.71,34,36,0.4857142857142857,635.2242857142858,-14700.0,20196.0,7694.641657945109,-10300.0,14.6,38587.76000000001,600.0,55077.5,9896.492445941623,44465.4,600.0,0,62
6785,125340,60,2089,Yes,M,51,weekly,27,Prague,1.0,12541,0.167,0.01114566294286997,0.14,70,57,0.5511811023622047,149.66456692913374,-45200.0,49974.0,15744.00196153084,-3713.0,30.0,51145.51574803151,500.0,110933.4,22705.18278242659,19007.0,500.0,0,9
6805,45024,48,938,Yes,F,39,monthly,25,north Moravia,0.899,10177,0.081,0.0008059231850084271,1.12,19,20,0.48717948717948717,984.2153846153847,-22100.0,31636.5,12758.414420079553,-17800.0,14.6,41994.90769230771,800.0,63659.3,13151.510254347311,38384.3,800.0,0,40
6808,227880,36,6330,Yes,F,38,monthly,28,south Moravia,0.747,9624,0.145,-0.0011111167484360652,0.71,38,45,0.4578313253012048,647.189156626506,-64600.0,49115.0,15147.828589699904,-8552.0,14.6,45134.72168674696,1100.0,153213.7,29551.483054320095,53716.6,1100.0,0,8
6810,186384,48,3883,Yes,M,37,weekly,27,north Bohemia,0.853,9317,0.097,-0.0006010084453394527,0.5800000000000001,108,82,0.5684210526315789,110.54736842105287,-60600.0,49424.0,19156.863900204855,73.1,30.0,61578.30157894749,700.0,129557.3,27339.88746857486,21033.8,700.0,0,5
6816,100224,48,2088,No,F,39,monthly,26,north Moravia,0.899,10177,0.081,0.0008059231850084271,1.12,3,15,0.16666666666666666,1743.727777777778,-15100.0,18792.0,8029.859466267547,-15100.0,26.5,28124.93333333333,700.0,46487.1,9838.648370404879,31387.1,700.0,0,15
6817,70656,48,1472,Yes,M,44,monthly,25,Prague,1.0,12541,0.167,0.01114566294286997,0.14,24,29,0.4528301886792453,424.07547169811335,-26080.0,22317.0,8568.99648632534,-7100.0,14.6,32646.850943396235,600.0,55343.2,12948.761537492877,22476.1,600.0,0,15
6818,155616,48,3242,Yes,F,25,monthly,26,north Moravia,0.626,8994,0.11,-0.0020519896339144354,0.9900000000000002,102,70,0.5930232558139535,352.87209302325596,-36960.0,26388.0,8611.713428013858,-14600.0,14.6,44197.50988372092,200.0,75294.1,11044.494392196431,60694.1,200.0,0,18
6820,38148,12,3179,Yes,F,28,monthly,28,Prague,1.0,12541,0.167,0.01114566294286997,0.14,11,18,0.3793103448275862,1645.7206896551727,-20600.0,32706.0,12844.874772157718,-9115.0,9.9,37462.093103448286,900.0,62324.6,13293.431805243708,47725.8,900.0,0,15
6836,189300,60,3155,Yes,M,40,monthly,28,south Moravia,0.636,8757,0.096,0.002372577040049833,0.5700000000000003,60,42,0.5882352941176471,240.7058823529414,-24960.0,28413.0,8979.907273174736,-14.6,14.6,32354.031372549012,800.0,61043.3,12250.079572479322,24552.0,800.0,0,7
6841,172080,48,3585,Yes,F,37,monthly,27,central Bohemia,0.467,10124,0.141,0.005494982841753182,-0.020000000000000018,17,25,0.40476190476190477,1385.940476190476,-40100.0,45518.0,17350.244249226984,-14.6,14.6,60743.95714285715,200.0,119138.8,21110.31187474146,58209.4,200.0,0,16
6863,127080,60,2118,Yes,M,57,monthly,28,east Bohemia,0.535,8390,0.132,0.0005390351271224508,0.6100000000000003,9,15,0.375,844.7083333333336,-14800.0,19065.0,8272.421582632085,-12000.0,48.6,30060.95416666668,800.0,49590.4,11520.18445104369,20272.8,800.0,0,9
6865,29448,12,2454,No,M,48,monthly,25,north Moravia,0.626,8994,0.11,-0.0020519896339144354,0.9900000000000002,2,9,0.18181818181818182,3980.963636363637,-13900.0,22090.0,11190.444367966156,14727.0,63.8,28977.436363636363,800.0,43790.6,11482.495155433136,43790.6,800.0,0,17
6876,86616,12,7218,Yes,M,32,monthly,28,central Bohemia,0.365,9622,0.154,0.0007139363010166982,0.13999999999999996,3,12,0.2,2483.5466666666666,-11100.0,17859.0,7832.35875991998,-11100.0,29.8,25714.046666666665,800.0,48353.1,11715.975172745155,37253.1,800.0,0,5
6888,39576,12,3298,Yes,F,14,monthly,28,north Bohemia,0.81,9272,0.118,0.0015705610234346742,0.4200000000000004,62,53,0.5391304347826087,207.8365217391304,-38400.0,49603.0,14696.09301011625,-9493.0,14.6,48944.827826086956,300.0,103467.2,26896.8541402657,23901.1,300.0,0,7
6895,41904,12,3492,Yes,M,20,monthly,28,north Moravia,0.899,10177,0.081,0.0008059231850084271,1.12,80,63,0.5594405594405595,274.1594405594407,-51700.0,48546.0,12988.770347779553,-3500.0,0.8,36080.386713286716,900.0,129123.0,20303.817120135827,39204.7,900.0,0,11
6903,52128,24,2172,Yes,F,34,monthly,28,central Bohemia,0.365,9622,0.154,0.0007139363010166982,0.13999999999999996,32,39,0.4507042253521127,828.8014084507042,-27300.0,44473.0,11893.404419130713,-14.6,0.1,33459.68028169013,144.2,59944.2,20087.36502977943,58844.8,144.2,0,27
6919,120888,36,3358,Yes,F,50,weekly,28,Prague,1.0,12541,0.167,0.01114566294286997,0.14,60,36,0.625,541.81875,-49200.0,48618.0,15871.895928293889,-11100.0,30.0,40838.75520833332,600.0,116468.4,21557.464543439626,52014.4,600.0,0,15
6921,86184,12,7182,Yes,F,55,monthly,25,north Moravia,0.899,10177,0.081,0.0008059231850084271,1.12,26,16,0.6190476190476191,1027.5642857142852,-50500.0,64642.0,24794.068260862376,-18346.0,14.6,59935.271428571425,300.0,128146.0,24799.97403787278,43157.5,300.0,0,6
6929,36396,12,3033,Yes,M,23,weekly,28,north Moravia,0.512,8369,0.107,-0.007293768499399383,1.1499999999999995,102,56,0.6455696202531646,287.85253164556985,-51700.0,48143.0,18416.540680797727,-5119.0,30.0,57977.03481012657,800.0,125887.5,25051.25763785537,45480.6,800.0,0,14
6933,188688,48,3931,Yes,F,30,monthly,26,south Moravia,0.747,9624,0.145,-0.0011111167484360652,0.71,10,12,0.45454545454545453,1071.8090909090913,-24500.0,35378.0,16076.411550968205,-3592.0,14.6,42203.17272727273,400.0,71255.7,20050.27841673887,23579.7,400.0,0,5
6940,228276,36,6341,Yes,M,35,monthly,25,Prague,1.0,12541,0.167,0.01114566294286997,0.14,7,13,0.35,2685.4,-9100.0,22288.0,9740.218800201024,14859.0,14.6,41402.134999999995,500.0,60236.6,14856.81419017355,53707.9,500.0,0,8
6944,46176,48,962,Yes,M,30,monthly,25,south Moravia,0.40700000000000003,8544,0.109,0.0012835648783702158,0.5700000000000001,6,11,0.35294117647058826,2277.9470588235295,-13400.0,18109.0,11531.204466312141,-700.0,64.5,33613.10588235293,1000.0,54705.1,13279.637852717908,38725.1,1000.0,0,40
6949,104712,24,4363,Yes,F,25,weekly,27,west Bohemia,0.5920000000000001,8930,0.108,0.0024165416171340595,0.6800000000000002,58,50,0.5370370370370371,278.84537037037035,-44800.0,48996.0,17185.714118251748,-13386.0,30.0,52379.12870370369,300.0,119752.3,25655.51365409269,30115.3,300.0,0,6
6950,104712,24,4363,Yes,M,50,monthly,28,north Moravia,1.0,10673,0.1,-0.0013431315033809862,0.6900000000000004,119,72,0.6230366492146597,114.14293193717266,-56400.0,49831.0,18724.49067730168,200.0,14.6,57357.84345549748,400.0,147603.2,27075.74205832393,25947.2,400.0,0,5
6955,244368,48,5091,Yes,M,25,after-transaction,27,south Moravia,0.43700000000000006,8403,0.105,0.0049124343257443085,-0.020000000000000462,80,64,0.5555555555555556,598.5715277777776,-57200.0,49769.0,24416.12085606832,-5700.0,100.0,75924.2409722223,200.0,143453.3,25561.827684429158,86194.1,200.0,0,16
6960,76416,24,3184,Yes,M,57,monthly,28,Prague,1.0,12541,0.167,0.01114566294286997,0.14,96,57,0.6274509803921569,80.15032679738589,-21400.0,28659.0,9723.059727518119,-4087.0,14.6,31375.160784313728,8686.4,64494.1,11990.873356406239,12262.9,8686.4,0,3
6961,176148,36,4893,Yes,F,32,monthly,25,north Bohemia,0.598,8965,0.104,0.001968503937007874,1.1500000000000004,4,9,0.3076923076923077,4122.515384615385,-30400.0,34881.0,24061.429211805844,209.3,34.9,47154.5,1100.0,83783.4,21431.237856261745,53592.6,1100.0,0,10
6965,139536,24,5814,Yes,F,53,monthly,28,south Moravia,0.5379999999999999,8814,0.107,-0.00044954494177120704,0.9800000000000004,98,67,0.593939393939394,221.04848484848466,-53200.0,49193.0,20673.367248672585,-7400.0,12.2,63889.87393939401,800.0,151546.9,30644.157075754654,36472.9,800.0,0,6
6985,113796,36,3161,Yes,M,24,after-transaction,27,south Moravia,1.0,9897,0.14,-6.450447661067678e-05,0.3599999999999999,47,25,0.6527777777777778,472.973611111111,-21074.0,28446.0,10100.653199432667,-3500.0,100.0,36840.57361111111,500.0,58022.1,11410.835423144199,34054.0,500.0,0,10
6986,151728,48,3161,No,M,18,monthly,27,north Moravia,1.0,10673,0.1,-0.0013431315033809862,0.6900000000000004,29,28,0.5087719298245614,464.71052631578937,-27000.0,48906.0,13894.854885772387,2300.0,0.8,30491.098245614015,-669.7,82784.6,24000.12499806356,26488.7,358.5,1,8
6992,133968,48,2791,Yes,M,53,monthly,26,east Bohemia,0.619,8363,0.108,0.0016905015394354445,0.9700000000000002,56,23,0.7088607594936709,439.6151898734177,-60800.0,49512.0,17192.9872368186,-993.0,14.6,46772.31518987341,200.0,117458.5,22590.104308053575,34729.5,200.0,0,12
6995,96168,12,8014,Yes,F,24,weekly,26,south Moravia,0.747,9624,0.145,-0.0011111167484360652,0.71,65,84,0.436241610738255,24.226174496644397,-53500.0,46253.0,14642.147519863054,-14700.0,24.8,50492.688590603946,600.0,138010.1,21691.134254741817,3609.3,600.0,0,0
6996,126600,24,5275,Yes,M,56,monthly,28,east Bohemia,0.728,9538,0.111,-0.004114897281338418,0.30000000000000004,86,46,0.6515151515151515,369.09696969697006,-32400.0,47472.0,17524.98914247332,-21000.0,14.6,47118.99318181818,400.0,94043.3,17179.81146303782,48720.6,400.0,0,9
6998,97632,12,8136,Yes,F,25,monthly,28,south Bohemia,0.67,9104,0.123,0.000532187678403824,0.5599999999999998,45,20,0.6923076923076923,635.8492307692305,-54700.0,73224.0,24327.111847324286,-16800.0,14.6,53379.127692307724,1100.0,119900.1,22871.826586869844,41330.1,1100.0,0,5
7004,331560,60,5526,Yes,M,14,monthly,28,central Bohemia,0.467,8507,0.132,0.005794068673777058,0.18000000000000016,79,40,0.6638655462184874,403.2941176470591,-24700.0,33276.0,11307.3571524592,-12400.0,14.6,36941.99831932773,900.0,71924.6,11038.409511529931,47992.1,900.0,0,8
7008,36168,12,3014,Yes,M,34,monthly,26,Prague,1.0,12541,0.167,0.01114566294286997,0.14,21,15,0.5833333333333334,809.3888888888891,-18500.0,27122.0,10278.817064561963,-3000.0,14.6,39063.76666666667,300.0,63738.0,14039.273386590507,29138.1,300.0,0,9
7013,89340,60,1489,Yes,F,24,monthly,26,south Moravia,0.519,8441,0.115,0.0033712028777238504,1.0300000000000002,24,20,0.5454545454545454,959.7159090909095,-8200.0,17313.0,6740.323602780963,-14.6,14.6,40005.48181818184,500.0,54628.1,10876.871704682686,42227.6,500.0,0,28
7034,19044,36,529,Yes,F,22,monthly,26,west Bohemia,0.8,8991,0.128,0.0006117305449295695,0.6199999999999999,40,29,0.5797101449275363,727.0666666666667,-22300.0,24126.0,10352.311006963708,16084.0,14.2,43121.75507246376,600.0,64981.1,10532.784888113652,50167.6,600.0,0,94
7036,194940,36,5415,Yes,M,31,monthly,26,central Bohemia,0.6940000000000001,11277,0.127,-0.001713291393387766,0.18999999999999995,53,38,0.5824175824175825,375.96153846153857,-58700.0,48883.0,19412.339293636975,-4700.0,1.3,56669.787912087864,600.0,138172.6,35314.5278448429,34212.3,600.0,0,6
7055,167100,60,2785,Yes,F,24,monthly,28,south Moravia,0.40700000000000003,8544,0.109,0.0012835648783702158,0.5700000000000001,46,33,0.5822784810126582,497.59746835442996,-49200.0,49980.0,21140.798468255125,-12300.0,14.6,63707.62658227849,1100.0,143605.7,26493.59158887542,39310.2,1100.0,0,14
7057,231696,36,6436,Yes,M,22,weekly,27,Prague,1.0,12541,0.167,0.01114566294286997,0.14,92,34,0.7301587301587301,316.4674603174603,-36000.0,60566.0,17919.22786486886,-7300.0,30.0,45873.61666666672,800.0,108575.3,20926.369442514395,39874.7,800.0,0,6
7061,121896,24,5079,Yes,M,29,monthly,28,south Moravia,0.33899999999999997,8743,0.111,0.001496414971790986,0.5500000000000003,54,39,0.5806451612903226,450.72258064516143,-64900.0,49558.0,19840.92023234639,-15500.0,14.6,54422.59677419359,600.0,133454.9,21910.827556377593,41917.2,600.0,0,8
7066,215388,36,5983,No,M,34,monthly,28,north Bohemia,0.899,10446,0.09,-0.0017014888027023646,2.0600000000000005,5,10,0.3333333333333333,2044.1933333333332,-11400.0,49757.0,14013.082635088169,139.3,18.0,32702.726666666666,1000.0,50757.0,10504.310470160513,30662.8,1000.0,0,5
7097,75624,24,3151,No,M,35,monthly,28,south Moravia,1.0,9897,0.14,-6.450447661067678e-05,0.3599999999999999,8,15,0.34782608695652173,1824.1304347826087,-31100.0,49887.0,21502.123350506463,-13500.0,50.5,50009.90869565218,400.0,89754.8,20688.41804888367,41954.8,400.0,0,13
7101,421008,48,8771,Yes,M,43,monthly,25,south Bohemia,0.748,10045,0.135,-0.0017390227705052733,0.29000000000000004,28,22,0.56,623.3620000000001,-19100.0,31540.0,12060.342532768718,-4800.0,14.6,37436.421999999984,600.0,72330.4,12359.209052004047,31168.0,600.0,0,3
7104,259740,60,4329,Yes,M,14,monthly,28,north Moravia,0.5720000000000001,9893,0.096,0.00115360413899182,0.6299999999999999,7,10,0.4117647058823529,3954.0882352941176,-21500.0,38960.0,17813.828361026244,-12414.0,75.3,45198.15294117648,800.0,79633.5,19487.23966632132,67219.5,800.0,0,15
7121,21924,36,609,Yes,M,33,monthly,28,south Moravia,0.33899999999999997,8743,0.111,0.001496414971790986,0.5500000000000003,24,21,0.5333333333333333,1090.7444444444445,-17200.0,21739.5,8683.950065430414,14493.0,14.6,34272.21333333335,1100.0,60432.4,10171.031845987452,49083.3,1100.0,0,80
7130,123408,24,5142,Yes,M,32,after-transaction,26,north Bohemia,0.899,10446,0.09,-0.0017014888027023646,2.0600000000000005,40,25,0.6153846153846154,128.5723076923076,-27400.0,46000.0,10247.261895356909,-1807.0,67.5,28359.255384615382,700.0,85626.9,17185.36385469143,8357.1,700.0,0,1
7136,54396,36,1511,Yes,M,57,monthly,25,south Moravia,0.519,8441,0.115,0.0033712028777238504,1.0300000000000002,9,14,0.391304347826087,1574.2956521739131,-5400.0,11244.0,5049.990324786255,-1500.0,14.6,30293.708695652185,800.0,42308.8,10625.946392927808,36208.8,800.0,0,23
7137,151560,24,6315,Yes,M,41,monthly,28,south Moravia,0.483,8512,0.102,-0.0011443829868395957,0.6100000000000003,15,13,0.5357142857142857,761.5392857142857,-37200.0,56835.0,24009.473320743848,-15993.0,14.6,53976.29285714283,300.0,97912.7,22844.00616457968,21323.2,300.0,0,3
7138,60000,60,1000,Yes,M,48,monthly,28,east Bohemia,0.535,8390,0.132,0.0005390351271224508,0.6100000000000003,89,48,0.6496350364963503,123.19927007299275,-7000.0,11049.0,3846.772247621764,82.9,14.6,24643.283941605838,400.0,39393.9,5853.928886719555,16893.2,400.0,0,16
7142,482940,60,8049,No,F,18,monthly,28,Prague,1.0,12541,0.167,0.01114566294286997,0.14,74,56,0.5692307692307692,141.84076923076938,-15800.0,21056.0,6602.824811293651,-4653.0,7.8,26358.7546153846,900.0,57707.2,9885.477724726501,18439.4,900.0,0,2
7154,417600,60,6960,Yes,M,26,after-transaction,26,south Moravia,0.33899999999999997,8743,0.111,0.001496414971790986,0.5500000000000003,13,21,0.38235294117647056,1724.6764705882356,-31700.0,36305.0,14680.063637527388,-4500.0,100.0,43196.74411764705,200.0,87052.1,18631.358322644723,58638.6,200.0,0,8
7166,198240,24,8260,Yes,M,39,monthly,26,north Bohemia,0.856,9832,0.114,-0.008209018120522545,1.1600000000000006,5,11,0.3125,2209.0125,-13000.0,19455.0,9816.57269762891,-9300.0,43.0,30953.143750000003,300.0,51947.2,13022.421614480605,35344.2,300.0,0,4
7176,260028,36,7223,Yes,M,18,monthly,28,central Bohemia,0.365,9622,0.154,0.0007139363010166982,0.13999999999999996,114,47,0.7080745341614907,433.8577639751553,-51700.0,65008.0,19972.231296226146,-4782.0,14.6,50676.81987577646,200.0,124900.7,20993.62804538802,69850.9,200.0,0,9
7189,154656,48,3222,Yes,M,39,monthly,26,north Moravia,0.6970000000000001,8678,0.102,-0.002387937504264174,-0.35999999999999943,57,32,0.6404494382022472,417.76067415730364,-17585.0,28994.0,10088.733992988258,-4500.0,14.6,31791.328089887662,1000.0,61782.0,10868.943277490947,37180.5,1000.0,0,11
7192,115992,36,3222,Yes,M,57,weekly,28,west Bohemia,0.5920000000000001,8930,0.108,0.0024165416171340595,0.6800000000000002,81,46,0.6377952755905512,76.1377952755906,-60600.0,46194.0,11567.789078551777,-8042.0,5.4,25666.40708661417,200.0,107692.0,17591.055950194852,9669.5,200.0,0,3
7194,68832,36,1912,Yes,M,37,monthly,26,Prague,1.0,12541,0.167,0.01114566294286997,0.14,29,24,0.5471698113207547,972.4679245283022,-24000.0,28353.0,11799.703118067351,-1500.0,14.6,37557.05471698113,700.0,61939.6,12288.790411270784,51540.7,700.0,0,26
7198,45768,12,3814,Yes,F,17,weekly,28,north Moravia,0.626,8994,0.11,-0.0020519896339144354,0.9900000000000002,5,22,0.18518518518518517,2015.8370370370374,-23900.0,36574.0,10501.205228710587,-23900.0,24.2,32555.81851851852,800.0,78327.5,14361.643030576995,54427.5,800.0,0,14
7213,113544,36,3154,Yes,M,53,monthly,26,south Moravia,0.43700000000000006,8403,0.105,0.0049124343257443085,-0.020000000000000462,45,26,0.6338028169014085,188.5478873239438,-20900.0,28386.0,10083.019945161826,-4408.0,14.6,33990.419718309866,700.0,68048.1,12325.831191185674,13386.8,700.0,0,4
7220,131292,36,3647,Yes,M,40,weekly,28,Prague,1.0,12541,0.167,0.01114566294286997,0.14,54,29,0.6506024096385542,377.8481927710844,-24000.0,32823.0,11984.19240096131,-3500.0,12.1,36635.11566265061,1000.0,70288.4,12494.312333486101,31361.3,1000.0,0,8
7226,197748,36,5493,Yes,F,23,monthly,28,central Bohemia,0.413,8598,0.123,0.005155690732738636,0.48999999999999977,5,11,0.3125,2705.9125000000004,-25100.0,36216.0,19254.869815776477,-5700.0,68.3,44735.43125,300.0,74413.6,19635.357674451083,43294.5,300.0,0,7
7227,314520,60,5242,Yes,F,39,weekly,27,east Bohemia,0.53,8254,0.097,0.0015055962729390376,0.9699999999999998,74,56,0.5692307692307692,388.36230769230764,-56700.0,49457.0,21790.34825362607,309.5,30.0,63527.42000000002,500.0,128119.4,28698.379826165863,50517.0,500.0,0,9
7233,115812,36,3217,Yes,M,43,monthly,26,south Bohemia,0.569,8427,0.107,0.00041519839030777913,0.41999999999999993,73,51,0.5887096774193549,337.7266129032257,-50800.0,49887.0,19850.96819333255,-3100.0,14.6,56646.516129032294,1100.0,119527.2,21971.162852105062,41878.1,1100.0,0,13
7235,154416,48,3217,Yes,F,24,weekly,28,south Bohemia,0.653,8968,0.131,0.002404560177654564,0.52,16,16,0.5,1668.8374999999996,-19200.0,39098.0,14354.290498364997,-2600.0,13.6,46715.8,8897.0,81723.5,20286.965558464442,53402.7,8897.0,0,16
7240,274740,60,4579,Yes,M,14,weekly,28,south Moravia,0.505,8288,0.11,-0.0011790135586559245,0.7299999999999995,14,13,0.5185185185185185,1522.7074074074083,-36700.0,63366.0,27294.178010421165,182.8,30.0,57188.21111111113,600.0,122893.1,25256.6658167142,41142.9,600.0,0,8
7241,168984,24,7041,No,M,18,monthly,28,Prague,1.0,12541,0.167,0.01114566294286997,0.14,86,74,0.5375,151.90187499999956,-55200.0,49960.0,18218.816178852052,14200.0,2.5,56053.99750000008,-517.7,120806.4,28355.36015800731,24304.3,517.7,1,3
7243,217152,36,6032,Yes,M,21,monthly,26,north Moravia,0.626,8994,0.11,-0.0020519896339144354,0.9900000000000002,36,21,0.631578947368421,741.7438596491231,-34200.0,54286.0,19111.47447848522,226.2,4.4,49107.06666666669,400.0,109774.3,18394.513784863888,42293.9,400.0,0,7
7246,148920,60,2482,Yes,M,19,weekly,25,south Moravia,0.621,8444,0.106,-0.0026637029144583957,0.22999999999999998,15,16,0.4838709677419355,492.858064516129,-22780.0,22338.0,10721.958332188333,-2900.0,30.0,32435.319354838695,400.0,63289.9,15220.65126336407,15278.6,400.0,0,6
7249,69360,48,1445,Yes,M,52,monthly,28,east Bohemia,0.735,8369,0.117,-0.0020938877995546053,0.52,47,31,0.6025641025641025,495.7064102564105,-13700.0,17782.0,7155.811498597825,-13700.0,14.6,33857.10641025642,1100.0,52365.0,9598.252851868401,38665.0,1100.0,0,26
7259,108144,36,3004,Yes,F,30,monthly,28,south Moravia,0.621,8444,0.106,-0.0026637029144583957,0.22999999999999998,32,23,0.5818181818181818,398.5709090909086,-60600.0,45740.0,21829.602141423507,-3500.0,14.6,54652.89818181817,900.0,123863.4,25585.472260311017,21921.3,900.0,0,7
7262,182628,36,5073,Yes,M,34,monthly,28,north Moravia,0.6459999999999999,8819,0.099,0.003202156021792048,0.28000000000000025,3,10,0.23076923076923078,3512.376923076923,-12600.0,23204.0,11034.077886193742,183.5,67.1,33229.1076923077,500.0,52246.0,14579.421766566596,45660.9,500.0,0,9
7263,89880,24,3745,Yes,M,32,weekly,26,north Moravia,0.899,10177,0.081,0.0008059231850084271,1.12,16,13,0.5517241379310345,1347.568965517241,-47100.0,46981.0,21086.368820962165,-12300.0,26.2,62571.28275862068,800.0,116004.2,27471.97500043153,39079.5,800.0,0,10
7271,392460,60,6541,Yes,F,15,monthly,27,central Bohemia,0.58,8754,0.137,0.0005933067581347919,0.47999999999999954,97,46,0.6783216783216783,372.34405594405615,-35300.0,58870.0,19837.442359764755,216.2,14.6,57131.74055944061,900.0,115913.4,20293.363479654072,53259.7,900.0,0,8
7284,52788,12,4399,Yes,M,20,monthly,28,south Bohemia,0.519,9045,0.124,0.0005782706306551466,0.4700000000000002,22,21,0.5116279069767442,489.0465116279071,-17920.0,11427.0,5366.660290576611,1900.0,14.6,22198.179069767448,1000.0,41469.1,6652.642956340849,21029.0,1000.0,0,4
7304,419880,60,6998,Yes,F,49,weekly,26,Prague,1.0,12541,0.167,0.01114566294286997,0.14,7,11,0.3888888888888889,1372.4722222222222,-64800.0,62982.0,33871.42166678545,300.0,39.0,59352.83333333334,200.0,104039.9,27879.396856671145,24704.4,200.0,0,3
7305,54024,12,4502,Yes,M,28,monthly,27,south Moravia,0.5379999999999999,8814,0.107,-0.00044954494177120704,0.9800000000000004,102,45,0.6938775510204082,174.71156462585037,-30100.0,40521.0,13999.218036784796,109.6,14.6,36480.18503401359,1000.0,81705.8,15469.988112964207,25697.2,1000.0,0,5
7308,129408,24,5392,Yes,F,34,monthly,26,north Moravia,0.631,8110,0.109,-0.0015558111905255812,0.7800000000000002,78,29,0.7289719626168224,226.16448598130847,-16100.0,24212.0,7745.727553476762,-4780.0,14.6,30869.78130841124,1000.0,56055.6,11709.142374755249,24199.5,1000.0,0,4
